office,route,time,lat,lng
324377,1,239.200000,55.588389,37.226661
324379,1,1139.200000,55.588389,37.226661
324381,1,2039.200000,55.588389,37.226661
324380,1,2939.200000,55.588389,37.226661
301761,1,4519.500000,55.610351,37.199622
207572,1,5632.600000,55.600608,37.174110
303476,1,7511.600000,55.588496,37.164309
50002933,1,8488.100000,55.588974,37.166097
321314,1,9455.800000,55.589229,37.167400
138886,1,10745.200000,55.602752,37.166876
50005918,1,12248.700000,55.586944,37.124909
123791,1,13193.600000,55.585300,37.125716
305665,1,14192.300000,55.586832,37.123607
208404,2,637.400000,55.613555,37.304878
215767,2,1572.200000,55.612234,37.306048
111617,2,2547.400000,55.608946,37.298847
211775,2,3602.800000,55.612090,37.287019
126473,2,4740.500000,55.620897,37.264423
212962,2,5690.300000,55.620270,37.267014
126732,2,6700.400000,55.615549,37.263180
203833,2,7711.400000,55.611689,37.255291
320671,2,8662.300000,55.612665,37.252156
113249,2,9631.200000,55.614501,37.254940
142988,3,506.400000,55.625496,37.303830
213665,3,1489.600000,55.623790,37.302410
561,3,2483.700000,55.622254,37.302690
210697,3,3496.700000,55.621223,37.306176
111429,3,4472.700000,55.622292,37.306727
210871,3,5471.500000,55.623600,37.309172
204146,3,6392.200000,55.624266,37.308581
139385,3,7326.400000,55.624972,37.306540
306190,3,8344.700000,55.626213,37.311301
5090,3,9363.000000,55.623102,37.312230
2791,3,10361.800000,55.626600,37.313500
311586,4,534.500000,55.559878,37.237118
210516,4,1781.100000,55.573571,37.266897
304203,4,3050.600000,55.567494,37.286220
312900,4,3986.800000,55.568349,37.284378
307430,4,4923.100000,55.569713,37.283114
306676,4,5946.800000,55.569402,37.286490
200518,4,7139.500000,55.557067,37.329194
200041,4,8320.600000,55.556903,37.314441
50005995,4,9291.700000,55.557596,37.310551
206013,4,10728.400000,55.548572,37.310861
123106,4,11863.000000,55.548429,37.324753
128333,4,12828.800000,55.548600,37.329793
150932,4,14356.500000,55.600643,37.356657
131307,4,15357.600000,55.604485,37.356843
50003531,4,16322.800000,55.605824,37.360000
206597,5,663.200000,55.636999,37.330464
321525,5,1651.300000,55.636867,37.326061
122999,5,2568.100000,55.637316,37.325866
321546,5,3515.300000,55.636870,37.323455
145795,5,4524.500000,55.637894,37.322016
113815,5,5566.900000,55.638725,37.308097
309777,5,6530.500000,55.640335,37.309199
50005797,5,7556.600000,55.637718,37.315038
159727,5,8585.900000,55.635435,37.321580
110614,5,9547.200000,55.634921,37.320124
107866,6,779.000000,55.625921,37.344201
323169,6,1840.500000,55.629487,37.340294
323168,6,2740.500000,55.629487,37.340294
145933,6,3896.500000,55.638567,37.330803
147201,6,4911.500000,55.642579,37.326947
308169,6,6030.300000,55.640624,37.343011
204917,6,6989.500000,55.641971,37.347308
105790,6,8017.300000,55.636567,37.348629
210657,6,8959.700000,55.635858,37.347404
1931,6,9921.800000,55.634697,37.343239
318897,7,783.200000,55.536931,37.160049
159458,7,1774.500000,55.536242,37.153143
131804,7,2755.700000,55.540730,37.155596
50005828,7,3837.200000,55.545416,37.154751
143517,7,4879.000000,55.542182,37.153763
323869,7,6156.400000,55.536639,37.183399
171207,7,7684.900000,55.525110,37.264981
308002,7,8981.300000,55.525155,37.221087
144233,7,9914.500000,55.521873,37.220239
149818,7,10841.400000,55.521537,37.220358
5630,7,11850.400000,55.520778,37.216872
209221,7,12938.500000,55.514830,37.226203
320527,7,14104.500000,55.506174,37.272772
138471,7,15205.700000,55.510583,37.247727
214507,7,17005.400000,55.542121,37.079787
209886,7,17977.900000,55.543644,37.080964
306104,8,774.600000,55.640797,37.365137
113482,8,1690.800000,55.641234,37.364402
162470,8,2791.900000,55.639956,37.354028
164067,8,3819.300000,55.643679,37.348064
161839,8,4858.800000,55.646838,37.344664
107992,8,5949.100000,55.651659,37.343510
1926,8,7036.200000,55.645406,37.342504
173127,8,8015.700000,55.645812,37.339409
128896,8,9007.300000,55.643464,37.337524
109169,8,10045.300000,55.638437,37.337836
139275,9,972.700000,55.655791,37.263789
215291,9,2373.900000,55.670965,37.282366
218121,9,3339.000000,55.671910,37.284693
206471,9,4382.800000,55.668620,37.290648
157690,9,5409.600000,55.664588,37.284459
204083,9,6359.400000,55.664822,37.282779
203356,9,7373.000000,55.662311,37.285252
105281,9,8445.900000,55.654629,37.272440
50002565,9,9436.600000,55.656303,37.277038
206184,10,896.100000,55.602012,37.354285
145384,10,1903.400000,55.598480,37.352066
146294,10,2892.300000,55.598973,37.358689
157438,10,3948.100000,55.599873,37.366083
205368,10,4996.900000,55.603061,37.368934
215607,10,5965.200000,55.603917,37.370643
140921,10,7038.300000,55.605045,37.362549
203346,11,712.200000,55.639095,37.357474
310431,11,1681.700000,55.641191,37.358926
172014,11,2851.500000,55.644704,37.385870
305263,11,3815.200000,55.646223,37.385978
166697,11,4824.800000,55.643555,37.385957
104989,11,5793.900000,55.644280,37.388464
145680,11,6789.200000,55.643010,37.389469
206800,11,7830.800000,55.642977,37.393074
168186,11,8829.300000,55.640322,37.396942
208839,11,9753.400000,55.639664,37.397916
307804,11,10996.700000,55.636148,37.358422
139592,12,849.100000,55.598107,37.346770
160666,12,1923.400000,55.596330,37.342481
2999,12,2993.000000,55.595447,37.342481
102134,12,4295.800000,55.593090,37.366879
164246,12,5277.900000,55.590796,37.366942
208679,12,6281.000000,55.590994,37.369018
106464,12,7355.500000,55.589851,37.373104
213523,12,8290.200000,55.590830,37.372435
50005306,12,9351.800000,55.590129,37.376060
320554,12,10305.700000,55.590038,37.374461
159461,12,11345.900000,55.590460,37.378574
212923,12,12430.100000,55.594026,37.368676
544,13,825.500000,55.540707,37.082215
5512,13,1938.500000,55.545777,37.085158
141118,13,2961.500000,55.550158,37.080786
142995,13,3943.700000,55.551986,37.081350
305829,13,5006.600000,55.551084,37.071495
304873,13,6029.700000,55.544010,37.072834
209473,13,7229.700000,55.532834,37.060743
310735,13,8164.400000,55.533899,37.063594
217936,13,9101.000000,55.533418,37.065008
50006526,13,10045.800000,55.533012,37.063051
135311,13,11030.700000,55.531239,37.067776
159587,14,1114.000000,55.622214,37.134072
172178,14,2183.600000,55.632935,37.127734
166510,14,3303.200000,55.641539,37.098372
143375,14,4522.200000,55.660800,37.093046
209709,14,5797.200000,55.674798,37.040944
106584,14,7219.600000,55.642304,37.100048
112239,14,8833.300000,55.601412,37.044279
160699,14,9835.200000,55.597537,37.036862
102348,14,10837.400000,55.600705,37.032560
162350,14,11854.400000,55.602671,37.029478
113618,15,741.900000,55.644883,37.365191
308628,15,1935.200000,55.645289,37.391750
113289,15,3040.700000,55.644998,37.398188
206414,15,4080.200000,55.649378,37.396236
113430,15,5133.500000,55.646564,37.407662
211190,15,6112.000000,55.648734,37.406948
2307,15,7075.100000,55.649883,37.408136
306816,15,8053.600000,55.650927,37.403836
155419,15,9003.100000,55.651542,37.401797
307706,15,9979.600000,55.651811,37.396614
168723,15,10944.000000,55.652456,37.398743
3613,15,12010.100000,55.653826,37.385887
320217,16,947.900000,55.653429,37.267050
304618,16,1974.800000,55.655896,37.273454
1127,16,3326.900000,55.671867,37.268281
110583,16,4377.100000,55.670181,37.259093
160172,16,5402.800000,55.673717,37.254321
161720,16,6378.300000,55.674104,37.259937
304886,16,7642.300000,55.665863,37.287837
151329,16,8649.800000,55.664939,37.292474
310966,16,9723.500000,55.669954,37.295148
3944,16,10899.800000,55.663674,37.302389
142224,16,11825.200000,55.663489,37.301237
123108,16,12821.500000,55.660062,37.298986
106531,17,1245.500000,55.656964,37.233174
208633,17,2307.100000,55.659272,37.229895
908,17,3271.700000,55.658567,37.229038
133089,17,4266.400000,55.656694,37.228435
309464,17,5195.600000,55.656869,37.230875
136804,17,6218.000000,55.659911,37.236805
140506,17,7396.800000,55.659612,37.213225
305242,17,8412.800000,55.658810,37.203575
137333,17,9404.600000,55.659282,37.206144
205970,18,986.300000,55.614083,37.386225
157375,18,2235.700000,55.618883,37.414409
170323,18,3287.200000,55.617126,37.408813
170602,18,4268.800000,55.616633,37.410071
129312,18,5282.600000,55.616421,37.416663
141620,18,6364.400000,55.612876,37.411364
306149,18,7460.900000,55.608119,37.412613
50002966,18,8387.700000,55.607214,37.413017
203485,18,9331.400000,55.604859,37.412983
300958,18,10343.000000,55.603919,37.415029
155442,18,11313.900000,55.602383,37.412864
159192,18,12239.100000,55.601622,37.411884
310426,18,13221.400000,55.600247,37.413466
207097,19,1198.400000,55.629428,37.208662
3803,19,2365.500000,55.636932,37.221262
142024,19,3348.400000,55.638551,37.220317
204250,19,4254.900000,55.638830,37.219713
209220,19,5236.400000,55.635721,37.213995
110497,19,6173.700000,55.634983,37.215951
158057,19,7203.600000,55.635916,37.210698
2071,19,8672.200000,55.658648,37.199323
204965,19,9659.300000,55.658048,37.197206
110838,19,10592.000000,55.656859,37.197296
131047,19,11745.700000,55.660473,37.217073
150556,20,694.500000,55.636778,37.354388
172010,20,1973.400000,55.644059,37.405633
204582,20,3028.500000,55.654633,37.408161
173136,20,4014.300000,55.653324,37.409918
308135,20,5014.300000,55.652816,37.407681
308943,20,6047.000000,55.647749,37.410159
105455,20,7010.700000,55.646496,37.414456
157384,20,8007.600000,55.643333,37.411551
154887,20,9050.200000,55.643439,37.409091
123417,20,10202.000000,55.633805,37.416952
316266,20,11417.100000,55.619598,37.416257
107927,20,12441.900000,55.619059,37.407907
307292,20,13403.500000,55.617252,37.407350
158183,20,14927.300000,55.604958,37.353255
5356,20,15930.100000,55.606654,37.351611
306043,20,17024.500000,55.603541,37.355931
138891,21,1330.300000,55.662517,37.424093
314317,21,2378.000000,55.662293,37.418343
128345,21,3379.800000,55.661394,37.414221
310918,21,4528.000000,55.657677,37.425054
301146,21,5520.100000,55.657347,37.426168
164200,21,7081.400000,55.635609,37.436245
137168,21,8334.100000,55.633447,37.432133
50004974,21,9477.800000,55.637256,37.426384
310885,21,10755.500000,55.632299,37.416678
144596,21,11787.800000,55.633238,37.415455
139520,21,12745.700000,55.633087,37.412870
107839,21,13852.900000,55.635266,37.384849
50003819,21,14849.600000,55.638978,37.379438
308486,22,1414.900000,55.681803,37.295652
161086,22,2350.900000,55.681722,37.296739
389,22,3362.100000,55.686456,37.291304
105450,22,4379.100000,55.681842,37.290447
306429,22,5512.000000,55.679164,37.290972
208116,22,6638.700000,55.679788,37.292176
5012,22,7725.600000,55.677578,37.285693
162207,22,8726.900000,55.677881,37.281226
161082,22,9910.000000,55.667244,37.285151
111547,22,10839.200000,55.666304,37.285295
209216,23,718.100000,55.578582,37.132509
127198,23,2135.000000,55.563795,37.092964
1950,23,3321.900000,55.548027,37.071125
1872,23,4538.300000,55.554511,37.071835
213296,23,5516.400000,55.556437,37.071323
210491,23,7367.200000,55.583160,37.037622
207570,23,8491.900000,55.594809,37.042049
2885,23,9502.500000,55.595468,37.043792
216736,23,10448.900000,55.596112,37.046886
303475,23,11417.100000,55.594596,37.051517
161555,23,12397.000000,55.592222,37.050441
164087,24,1316.800000,55.677864,37.254908
161803,24,2364.900000,55.683768,37.266607
50006080,24,3394.000000,55.685464,37.267120
162917,24,4421.000000,55.686210,37.259523
203466,24,5477.700000,55.679411,37.254738
2080,24,6495.800000,55.682311,37.251603
209829,24,7507.200000,55.681158,37.245796
142226,24,8438.500000,55.680365,37.246183
306577,24,9584.500000,55.677905,37.234917
304887,24,10503.600000,55.678397,37.234845
50005804,24,11514.600000,55.678058,37.236862
306483,24,12678.900000,55.682346,37.246865
105643,24,13815.700000,55.676228,37.248839
110559,25,1020.500000,55.654394,37.399920
203875,25,2038.100000,55.656580,37.404797
837,25,3041.500000,55.654113,37.405361
135583,25,4312.600000,55.652086,37.424516
137977,25,5272.100000,55.652064,37.424810
104817,25,6655.700000,55.671998,37.450562
159698,25,7750.800000,55.668757,37.452517
211299,25,8688.700000,55.669922,37.452273
124761,25,9726.600000,55.664682,37.453665
323076,25,10772.100000,55.661125,37.454268
584,25,12374.000000,55.648778,37.369055
213667,25,13467.600000,55.641550,37.356651
312681,25,14610.300000,55.633887,37.332191
160964,26,1361.500000,55.680534,37.281769
3604,26,2463.800000,55.683835,37.298402
50001402,26,3417.100000,55.685148,37.302848
306381,26,4429.200000,55.684173,37.311651
103585,26,5428.000000,55.683432,37.309547
203385,26,6514.500000,55.685270,37.308598
2180,26,7618.400000,55.688173,37.309441
143344,26,8648.400000,55.689354,37.298170
131958,26,9666.800000,55.687784,37.295257
131055,26,10668.500000,55.687827,37.301390
159663,26,11757.500000,55.685037,37.281412
110045,26,12712.400000,55.679740,37.279359
202453,27,1387.600000,55.696976,37.336705
207513,27,2511.800000,55.703449,37.326060
154364,27,3530.200000,55.705346,37.324374
107423,27,4540.200000,55.705320,37.319307
141559,27,5526.700000,55.702747,37.319923
5800,27,6521.700000,55.700882,37.322009
310927,27,7508.700000,55.700409,37.318959
161095,27,8458.000000,55.698624,37.320715
110999,27,9460.700000,55.694942,37.324654
145102,27,10458.800000,55.694796,37.322097
131052,27,11366.900000,55.695303,37.321779
207517,28,1435.200000,55.694018,37.327524
155445,28,2504.700000,55.700918,37.324190
161302,28,3478.300000,55.702548,37.326507
1849,28,4477.500000,55.706129,37.327748
50002836,28,5571.300000,55.705594,37.322637
140594,28,6512.600000,55.704549,37.321279
308968,28,7557.500000,55.706833,37.323162
142378,28,8508.400000,55.707363,37.323177
166062,28,9434.200000,55.707451,37.321577
50002383,28,10929.200000,55.713685,37.380857
50003035,28,12010.300000,55.713110,37.369819
218538,28,13435.900000,55.689564,37.350636
156932,28,14976.300000,55.687325,37.396796
317692,28,15967.800000,55.686157,37.407645
311039,28,16969.600000,55.684605,37.407509
320270,28,18366.100000,55.664355,37.426501
160811,29,1529.400000,55.593156,37.036048
113104,29,2517.000000,55.591585,37.032962
205593,29,3940.100000,55.628110,37.025131
124048,29,5212.400000,55.618928,36.985884
5845,29,6229.800000,55.615995,36.982122
307111,29,7301.000000,55.618390,36.981457
156943,29,8273.300000,55.619394,36.977944
140505,29,9293.600000,55.622359,36.983501
141915,29,10242.400000,55.623082,36.983293
138887,29,11729.600000,55.613971,36.990111
124578,29,12691.700000,55.614728,36.986441
141164,29,13758.500000,55.610992,36.968028
103702,30,1450.400000,55.708806,37.379088
211489,30,2724.400000,55.712185,37.394226
101882,30,3813.400000,55.712973,37.398022
211051,30,4908.200000,55.715755,37.389662
309300,30,5861.600000,55.716722,37.389212
320262,30,6850.100000,55.719632,37.387729
122382,30,7873.400000,55.723307,37.399474
5836,30,8877.800000,55.724010,37.404493
208115,30,9975.900000,55.722107,37.408409
146326,30,11025.700000,55.725448,37.414194
305753,30,12028.700000,55.719926,37.419916
203376,30,12992.200000,55.719009,37.415002
3949,30,14069.900000,55.719773,37.400464
169985,31,1434.100000,55.701352,37.358589
207863,31,2406.400000,55.701333,37.361705
307929,31,3812.600000,55.712497,37.403378
127417,31,4766.900000,55.711911,37.404117
5628,31,5814.500000,55.708692,37.400670
207005,31,6875.400000,55.706150,37.401362
1860,31,8039.500000,55.721397,37.423384
202900,31,8991.200000,55.720824,37.426007
208725,31,10042.500000,55.723531,37.417131
3617,31,11041.900000,55.725218,37.418954
310861,31,12084.700000,55.724145,37.425225
107886,31,13106.200000,55.725966,37.430548
126343,31,14107.400000,55.723281,37.436180
3056,32,1347.300000,55.677436,37.447716
206392,32,2367.500000,55.681063,37.453103
209547,32,3396.400000,55.685183,37.461382
139897,32,4426.000000,55.688682,37.462916
125173,32,5528.300000,55.689035,37.469970
303237,32,6513.000000,55.689120,37.471600
123812,32,7695.600000,55.675174,37.469139
209436,32,8901.800000,55.663349,37.478738
316301,32,9962.800000,55.661039,37.473536
115073,32,10955.900000,55.661672,37.472006
211713,32,11995.700000,55.653510,37.471938
107492,32,12987.500000,55.651249,37.469600
203988,32,13958.600000,55.649317,37.469046
304070,33,602.800000,55.632382,37.335636
171985,33,2231.300000,55.589146,37.447541
152219,33,3193.800000,55.591042,37.447217
308363,33,4124.100000,55.591769,37.446561
214756,33,5106.000000,55.591824,37.444708
307394,33,6063.800000,55.588961,37.443738
139218,33,7130.800000,55.590595,37.452347
105021,33,8160.500000,55.593754,37.457781
171986,33,9128.800000,55.594438,37.459649
312907,33,10072.000000,55.593573,37.460529
215268,33,11118.900000,55.592583,37.462640
305898,33,12036.500000,55.592624,37.461110
152748,33,12996.500000,55.591954,37.457976
50000826,33,13929.500000,55.591538,37.455714
159526,33,15111.500000,55.589193,37.453441
216340,33,16365.400000,55.591549,37.425117
309315,33,17333.900000,55.593273,37.425710
50004559,33,18358.800000,55.593392,37.429659
322436,33,19264.300000,55.595073,37.428702
109410,34,1114.000000,55.514726,36.984434
141854,34,2106.400000,55.515487,36.970839
5964,34,3143.000000,55.511676,36.973766
130299,34,4236.000000,55.517049,36.983142
142180,34,5835.800000,55.553855,36.977142
209905,34,6849.500000,55.554287,36.972402
131720,34,7906.500000,55.558111,36.977648
204696,34,9101.800000,55.567029,36.995659
6065,34,10124.000000,55.566291,36.992214
206511,35,1474.600000,55.667696,37.465164
141667,35,2584.200000,55.666379,37.470618
158286,35,3664.800000,55.660492,37.467017
307563,35,4730.100000,55.655393,37.470260
172502,35,5819.700000,55.660250,37.482744
216554,35,6944.500000,55.651978,37.486005
3773,35,7983.400000,55.647011,37.479860
151543,35,8927.300000,55.646569,37.478442
203603,35,10078.200000,55.655378,37.493609
3947,35,11054.200000,55.657907,37.494739
307633,35,12309.700000,55.655493,37.484667
210355,36,1277.900000,55.656084,37.230299
208597,36,2859.100000,55.654234,37.153206
311207,36,4188.500000,55.652112,37.123829
142610,36,5527.700000,55.661924,37.184399
202637,36,6811.000000,55.680869,37.180362
159679,36,7979.400000,55.681046,37.192628
114037,36,8971.400000,55.678379,37.188384
203333,36,10027.000000,55.685625,37.193532
311346,36,11126.000000,55.692361,37.212117
308603,36,12458.700000,55.705365,37.216545
131037,36,14233.000000,55.678388,37.267812
204532,37,1367.600000,55.633948,37.471588
150935,37,2429.400000,55.628468,37.475730
203820,37,3453.900000,55.632428,37.479340
205590,37,4509.300000,55.631884,37.487065
1867,37,5493.600000,55.633709,37.485300
206641,37,6491.500000,55.630363,37.482509
124496,37,7450.300000,55.628888,37.485844
205304,37,8506.500000,55.623074,37.492536
208387,37,9632.400000,55.619223,37.487155
149011,37,10597.500000,55.617230,37.489437
160814,37,11643.700000,55.618720,37.494054
305108,37,12990.900000,55.606267,37.474627
50006127,37,14230.100000,55.614378,37.472764
124032,37,15306.600000,55.620814,37.467876
212346,37,16294.300000,55.617259,37.472906
216819,38,1192.000000,55.634057,37.453097
155435,38,2688.900000,55.670569,37.471300
3532,38,3652.100000,55.669711,37.472307
155237,38,4889.700000,55.685158,37.480525
120005,38,5896.400000,55.685790,37.484350
151271,38,6977.500000,55.689837,37.492985
169354,38,7991.300000,55.690083,37.489407
5602,38,8993.800000,55.692187,37.490920
307181,38,9985.800000,55.692587,37.494889
157075,38,11081.400000,55.698090,37.495136
102793,38,12132.200000,55.694216,37.489521
308829,38,13203.800000,55.695836,37.484254
162054,39,1347.700000,55.644104,37.473424
144928,39,2521.700000,55.643761,37.480862
205723,39,3726.100000,55.641939,37.500563
203449,39,4702.400000,55.644344,37.497707
310792,39,5760.700000,55.647473,37.497728
204596,39,6694.000000,55.647926,37.498224
2607,39,7675.300000,55.648335,37.500177
171065,39,8900.400000,55.639223,37.512905
113084,39,9920.500000,55.637787,37.511225
309141,39,10849.400000,55.637499,37.512476
132140,39,11919.900000,55.644887,37.510188
100340,39,13132.600000,55.663800,37.486082
304426,39,14354.500000,55.668029,37.442119
3510,40,1384.200000,55.681356,37.454913
102403,40,2473.700000,55.693278,37.470326
130584,40,3443.500000,55.694504,37.471273
50005395,40,4692.800000,55.699326,37.464217
216007,40,5666.500000,55.700145,37.468199
50005381,40,6609.700000,55.699334,37.468979
169755,40,7723.300000,55.705521,37.478988
301560,40,8939.200000,55.702781,37.489614
204235,40,10000.900000,55.702946,37.497780
154293,40,10995.800000,55.701653,37.498870
106169,40,11990.900000,55.703842,37.501124
304163,40,13074.300000,55.705671,37.507214
155426,40,14197.500000,55.702379,37.503872
201071,40,15267.000000,55.702448,37.510802
301718,41,1584.200000,55.667086,37.496776
110037,41,2776.200000,55.666569,37.506918
101095,41,3833.800000,55.661565,37.510030
126167,41,4783.300000,55.660488,37.511267
141117,41,5831.100000,55.663409,37.514197
306385,41,6828.800000,55.661293,37.513233
203450,41,7772.400000,55.661841,37.516009
204812,41,8789.300000,55.664248,37.517590
320974,41,9833.500000,55.662344,37.520635
208439,41,10854.700000,55.662991,37.522518
2845,41,11934.700000,55.668071,37.523798
50003272,41,13023.500000,55.673864,37.514455
204223,41,14083.100000,55.675270,37.521524
3336,41,15028.500000,55.677427,37.517141
202498,41,16689.900000,55.656934,37.406989
50001924,42,1623.500000,55.684457,37.450881
50003068,42,2712.400000,55.691131,37.452535
216544,42,3714.600000,55.693546,37.455579
312210,42,4957.700000,55.697250,37.476752
159540,42,6128.300000,55.707918,37.481469
50001595,42,7121.900000,55.709521,37.474675
205661,42,8165.900000,55.706365,37.477462
102193,42,9248.400000,55.707733,37.469964
171866,42,10326.200000,55.710139,37.469952
215362,42,11404.100000,55.707172,37.460098
156883,42,12494.100000,55.704059,37.461045
105055,42,13758.900000,55.698316,37.457071
125112,42,15123.700000,55.679093,37.446340
320779,42,16219.800000,55.668386,37.440065
3619,43,1487.800000,55.644922,37.495173
145935,43,2516.600000,55.641801,37.501827
311146,43,3574.300000,55.642438,37.510457
210239,43,4750.000000,55.641031,37.530355
121720,43,5760.500000,55.640356,37.533105
308621,43,6700.300000,55.641254,37.533086
208619,43,7672.500000,55.643539,37.526106
311811,43,8691.300000,55.646918,37.525787
210681,43,9856.200000,55.652140,37.523068
5453,43,10973.000000,55.651562,37.517141
5734,43,12107.900000,55.645695,37.518103
203116,44,1468.400000,55.670676,37.476842
144802,44,2575.100000,55.672199,37.492329
161863,44,3715.100000,55.674651,37.496506
148636,44,4763.000000,55.677628,37.497181
311856,44,5890.700000,55.672962,37.502825
101331,44,6871.600000,55.671723,37.505456
157902,44,8122.400000,55.667446,37.517123
155421,44,9220.100000,55.673976,37.525872
211679,44,10257.900000,55.668469,37.534564
50003161,44,11306.100000,55.671752,37.536877
201426,44,12462.400000,55.662928,37.534577
129685,44,13616.600000,55.656667,37.517086
50005304,45,1229.600000,55.668864,37.438691
209270,45,2372.000000,55.676834,37.444826
3659,45,3911.200000,55.713121,37.454241
203739,45,4963.600000,55.716519,37.452767
207446,45,5988.600000,55.718948,37.460214
313035,45,7054.100000,55.722458,37.458849
2945,45,8061.700000,55.724500,37.455300
157978,45,9099.900000,55.721107,37.452532
311074,45,10221.300000,55.722966,37.476335
117372,45,11309.500000,55.725568,37.468412
151819,45,12254.200000,55.724742,37.467157
143655,45,13730.900000,55.714882,37.432759
5038,45,14755.700000,55.715305,37.439169
207438,46,1494.600000,55.672717,37.477812
50005350,46,2539.400000,55.677824,37.489980
3946,46,3667.300000,55.676297,37.510286
166786,46,4744.000000,55.681504,37.516081
157605,46,5771.200000,55.680184,37.524453
589,46,6749.800000,55.678293,37.527926
3618,46,7974.500000,55.681279,37.519587
155017,46,9099.800000,55.684782,37.524597
321848,46,10078.400000,55.683311,37.527227
319542,46,11365.100000,55.685700,37.548050
111105,46,12380.500000,55.684975,37.544530
158381,46,13490.900000,55.691846,37.540088
162135,46,14568.400000,55.688636,37.540370
322541,46,15532.000000,55.686731,37.538943
1418,46,16549.000000,55.684200,37.538211
152460,46,17550.900000,55.680763,37.533499
323826,46,18570.900000,55.683828,37.532008
308076,46,19629.800000,55.686023,37.524290
150875,46,20809.300000,55.693225,37.503773
50002123,47,1474.500000,55.701055,37.394476
206590,47,2581.400000,55.706859,37.397932
172879,47,3559.500000,55.710083,37.392320
50006561,47,4658.500000,55.715200,37.407897
1394,47,5633.300000,55.716105,37.406689
306275,47,6680.900000,55.720025,37.427002
103390,47,7663.100000,55.718875,37.424807
308800,47,8803.400000,55.719236,37.443292
164053,47,9851.300000,55.719161,37.444638
307022,47,10988.800000,55.730938,37.441754
154112,47,12048.700000,55.737030,37.431055
50001533,47,13078.800000,55.737360,37.425782
200559,47,14138.300000,55.737789,37.410802
2783,47,15146.700000,55.733594,37.410155
153918,47,16261.800000,55.742913,37.403468
126290,48,530.300000,55.610980,37.287249
153975,48,2518.400000,55.625507,37.484004
131735,48,3623.800000,55.619517,37.500776
319031,48,4734.900000,55.622138,37.505684
122585,48,5774.000000,55.625300,37.508275
103180,48,6878.100000,55.631093,37.515543
160321,48,7805.600000,55.630763,37.514064
309169,48,8920.400000,55.631071,37.519471
208652,48,9944.800000,55.632885,37.519954
157976,48,11035.300000,55.637672,37.529160
121327,48,12123.000000,55.644310,37.526726
158300,49,1953.200000,55.726519,37.327474
309176,49,2886.400000,55.724870,37.327713
208626,49,4049.200000,55.727283,37.340244
310693,49,5185.300000,55.734532,37.345688
150206,49,6237.700000,55.726827,37.352947
139565,49,7208.200000,55.725613,37.353714
212092,49,8222.800000,55.724672,37.358004
111822,49,9390.200000,55.716202,37.372214
204928,49,10464.200000,55.723292,37.378039
161668,49,11469.700000,55.721383,37.387850
205126,49,12639.100000,55.735307,37.408525
203822,49,13684.900000,55.741885,37.420325
213929,49,14645.200000,55.743597,37.421954
200498,49,15630.600000,55.743540,37.418408
146281,49,16734.100000,55.743806,37.407151
50002693,50,976.900000,55.657008,37.390906
3584,50,2882.200000,55.649590,37.529403
212988,50,3892.300000,55.649040,37.535393
1416,50,4864.600000,55.648079,37.540757
109849,50,5908.100000,55.642173,37.541711
127555,50,6958.600000,55.646139,37.534182
123533,50,8079.400000,55.636306,37.521129
3068,50,9099.700000,55.632334,37.524578
103377,50,10141.800000,55.633232,37.537927
147953,50,11228.100000,55.635200,37.529581
101886,50,12309.500000,55.637711,37.541277
50005111,51,1831.900000,55.688495,37.528566
2471,51,2887.200000,55.689286,37.532397
319146,51,3954.300000,55.691531,37.538134
106268,51,5029.500000,55.693647,37.545630
161002,51,6040.400000,55.690493,37.547871
597,51,7133.300000,55.693707,37.552987
106914,51,8266.000000,55.683786,37.558822
151920,51,9352.300000,55.678242,37.548478
311156,51,10396.800000,55.676834,37.552741
50005359,51,11477.200000,55.676732,37.539065
202942,51,12495.200000,55.676950,37.534333
143687,51,13523.300000,55.675346,37.541395
3644,51,14612.300000,55.671874,37.541036
106204,51,15675.700000,55.664262,37.544657
172564,51,16693.100000,55.666421,37.545000
314465,52,1543.300000,55.691857,37.467102
131046,52,2911.800000,55.729924,37.450845
305782,52,4010.500000,55.734098,37.468668
205243,52,4969.200000,55.735573,37.468032
148643,52,5960.900000,55.732379,37.469165
5988,52,6936.600000,55.733370,37.471735
3913,52,8084.200000,55.740949,37.474454
136641,52,9251.600000,55.734826,37.454620
212204,52,10494.000000,55.726234,37.458179
206512,52,11681.500000,55.718907,37.434990
305188,52,12702.100000,55.717888,37.429627
312361,52,13698.500000,55.716550,37.428320
141875,53,1313.600000,55.668114,37.455927
315228,53,2509.600000,55.659318,37.491359
583,53,3724.800000,55.642073,37.522772
50004560,53,5129.500000,55.679336,37.561473
310406,53,6255.900000,55.681996,37.542410
3257,53,7243.800000,55.680030,37.547270
108108,53,8426.500000,55.675577,37.531921
127490,53,9583.300000,55.670347,37.552801
206361,53,10601.200000,55.672752,37.555050
2149,53,11810.300000,55.681113,37.536624
204604,53,12855.800000,55.681163,37.544971
310881,53,13999.000000,55.690374,37.550657
50004320,53,15089.000000,55.698262,37.553614
320384,53,16100.100000,55.699446,37.552723
135486,53,17940.800000,55.661490,37.422032
205497,54,1266.300000,55.655382,37.230071
210797,54,3216.100000,55.698334,37.151615
157632,54,4587.200000,55.724639,37.158928
163119,54,6182.700000,55.731279,37.057482
159279,54,7111.200000,55.731254,37.057909
129775,54,8477.500000,55.714730,37.071030
105570,54,9491.800000,55.714133,37.068423
164051,54,10812.600000,55.704103,37.023130
103699,54,11796.800000,55.705239,37.026381
201220,54,12822.100000,55.702673,37.025879
206005,54,13826.300000,55.700217,37.022313
145587,54,16131.000000,55.595954,37.107319
304522,55,1366.900000,55.677763,37.451869
101242,55,2864.400000,55.711639,37.488868
209437,55,4161.300000,55.712122,37.499067
131820,55,5224.400000,55.710925,37.509008
202642,55,6518.400000,55.733164,37.538181
158569,55,7634.300000,55.724885,37.528981
145496,55,8588.700000,55.725894,37.526357
159751,55,9669.200000,55.717889,37.512911
215762,55,10676.700000,55.722250,37.512337
171856,55,11755.700000,55.714723,37.518564
124818,55,12783.400000,55.712889,37.513446
50005515,55,13931.200000,55.709434,37.502983
3562,56,1714.800000,55.728499,37.411242
1665,56,2866.200000,55.735745,37.432643
309589,56,3884.700000,55.737015,37.435187
3496,56,4959.000000,55.739894,37.426767
105088,56,6155.300000,55.735414,37.404366
211413,56,7341.300000,55.745630,37.394611
209225,56,8363.500000,55.751168,37.404690
159056,56,9414.200000,55.754390,37.411822
205055,56,10464.400000,55.756619,37.417446
103759,56,11498.500000,55.760375,37.419063
210707,56,12588.600000,55.750353,37.414868
212459,56,13521.900000,55.749248,37.416030
210664,57,857.700000,55.535065,37.059548
163048,57,2809.400000,55.430441,36.864246
316982,57,3813.400000,55.429200,36.867084
317121,57,4760.200000,55.428368,36.864678
147643,57,6187.700000,55.463498,36.940295
309106,57,7181.500000,55.465792,36.935769
137172,57,8308.800000,55.481357,36.919968
306030,57,9357.200000,55.484898,36.916060
140112,57,11401.300000,55.477919,37.022780
306831,57,13091.400000,55.510239,37.006703
50004473,58,1497.300000,55.687342,37.463946
315017,58,3015.100000,55.717956,37.496563
133808,58,4499.500000,55.739119,37.492745
214254,58,5481.600000,55.738100,37.489473
2254,58,6450.900000,55.736483,37.487326
310410,58,7454.200000,55.737507,37.484361
206682,58,8515.700000,55.733913,37.475549
172474,58,9519.700000,55.732844,37.475764
206869,58,10904.500000,55.738980,37.437332
151070,58,11896.200000,55.740639,37.432957
167707,58,12943.100000,55.743553,37.430974
105432,58,14162.300000,55.747378,37.421517
305894,58,15422.400000,55.758230,37.405759
3948,58,16391.900000,55.757195,37.405071
5376,59,1866.700000,55.729677,37.421989
305970,59,2854.200000,55.728408,37.425036
107015,59,3910.500000,55.730637,37.431030
211188,59,5133.100000,55.736730,37.418378
133276,59,6215.600000,55.732688,37.417600
204770,59,7157.000000,55.733467,37.419332
304547,59,8190.600000,55.735362,37.412317
5351,59,9278.500000,55.742347,37.397755
304752,59,10296.300000,55.747028,37.406963
324770,59,11256.800000,55.746456,37.407349
3533,59,12213.000000,55.746790,37.409013
164106,59,13313.600000,55.761929,37.408338
127540,59,14284.600000,55.763508,37.408411
163881,59,15306.100000,55.765867,37.410409
50006650,59,16385.000000,55.760413,37.406531
139211,60,2468.300000,55.615052,36.846125
308561,60,3560.200000,55.618949,36.843934
50003261,60,4781.600000,55.608333,36.826740
200618,60,5880.700000,55.612537,36.810827
160760,60,7484.600000,55.575415,36.703197
101857,60,8544.100000,55.578191,36.699896
1700,60,9585.100000,55.578526,36.692417
306985,60,10506.400000,55.577984,36.690574
313030,60,12439.700000,55.588179,36.892554
311757,60,13496.900000,55.579673,36.885480
150970,60,15603.900000,55.639319,36.972654
50005132,60,16532.300000,55.639110,36.971513
5354,60,17811.100000,55.629461,37.004284
50004757,60,19148.700000,55.642941,37.053376
50001814,61,879.300000,55.649890,37.368536
204408,61,3163.200000,55.696580,37.561553
206216,61,4292.600000,55.692851,37.562766
314573,61,5253.900000,55.689265,37.558011
205271,61,6260.600000,55.688901,37.569003
200261,61,7349.000000,55.693389,37.574274
172860,61,8502.400000,55.683356,37.564347
2132,61,9509.300000,55.685934,37.564898
307839,61,10460.200000,55.687260,37.564468
314105,61,11503.400000,55.696458,37.570492
205639,61,12578.900000,55.703311,37.573749
2832,61,13730.100000,55.706974,37.571844
6108,61,14783.100000,55.698716,37.562443
112464,61,16086.000000,55.705808,37.581549
169007,61,17716.400000,55.739204,37.524881
126010,61,18910.600000,55.739358,37.500391
50006748,61,19913.100000,55.740355,37.497743
305072,61,20907.500000,55.741627,37.495994
323077,61,22848.900000,55.668864,37.438691
129737,62,1837.300000,55.724478,37.282540
112153,62,3735.200000,55.776646,37.240878
308773,62,5056.600000,55.771286,37.235924
307585,62,5958.900000,55.771793,37.235627
306501,62,7060.600000,55.773089,37.232276
210556,62,8036.900000,55.774391,37.235546
306708,62,9100.000000,55.771580,37.236561
131527,62,10157.600000,55.773919,37.239394
208960,62,11225.300000,55.769980,37.246362
206765,62,12465.400000,55.768294,37.238897
205962,62,13495.700000,55.767771,37.243663
317140,62,14776.900000,55.756817,37.236866
113375,63,1419.400000,55.705074,37.366468
306482,63,3038.600000,55.770659,37.375234
169277,63,3976.200000,55.770841,37.376982
309771,63,4899.300000,55.770902,37.378099
320633,63,6070.600000,55.770598,37.397611
50001449,63,7185.900000,55.767641,37.407851
123329,63,8251.600000,55.769690,37.407432
937,63,9576.900000,55.773008,37.464652
146910,63,10610.300000,55.774369,37.473373
2337,63,11668.600000,55.771042,37.476829
141725,63,12730.200000,55.771700,37.494329
50003820,63,13764.600000,55.768046,37.499659
209941,63,14791.900000,55.769600,37.489464
108416,63,15808.200000,55.771021,37.486127
212790,63,16847.100000,55.771074,37.481343
308053,63,18032.100000,55.777462,37.457158
211034,63,19070.400000,55.775737,37.463937
50006111,64,1605.700000,55.695110,37.496379
148217,64,3185.600000,55.741517,37.480441
319552,64,4307.200000,55.749955,37.502730
203982,64,5393.800000,55.751339,37.497714
207505,64,6560.500000,55.756381,37.508975
157256,64,7627.900000,55.752257,37.506873
156783,64,8680.200000,55.754199,37.522413
107441,64,9737.600000,55.757696,37.518227
50003570,64,10779.600000,55.762490,37.516260
50001510,64,11819.900000,55.757501,37.522692
308867,64,13033.900000,55.745377,37.494862
171868,64,14018.000000,55.744861,37.498856
125305,64,15065.300000,55.744904,37.509796
161004,64,16049.200000,55.745788,37.513270
317058,64,17393.300000,55.734809,37.519561
305949,64,18429.300000,55.737076,37.525863
50004852,65,1820.200000,55.732220,37.456106
105622,65,3181.900000,55.738149,37.529054
172271,65,4465.900000,55.751345,37.526670
307776,65,5806.800000,55.756961,37.511710
157857,65,7003.100000,55.764111,37.494294
319666,65,7994.700000,55.764065,37.487380
202423,65,9009.800000,55.766830,37.486983
210203,65,10389.400000,55.751644,37.516260
209761,65,11585.800000,55.761325,37.512505
5327,65,13077.600000,55.789463,37.479881
103644,65,14113.300000,55.780593,37.479193
205536,66,758.100000,55.643043,37.343236
50000592,66,2103.300000,55.660653,37.365038
319375,66,4465.900000,55.807184,37.394391
206310,66,5434.300000,55.807673,37.391681
210091,66,6830.000000,55.808447,37.328791
2210,66,7793.900000,55.809343,37.326527
204087,66,8732.400000,55.808862,37.327426
163339,66,9706.800000,55.808189,37.325674
320193,66,10732.400000,55.805913,37.322018
319664,66,11700.900000,55.806631,37.324228
139362,66,12846.200000,55.807386,37.286360
50003506,66,14157.600000,55.770026,37.253225
50001202,66,15607.100000,55.745732,37.168540
113270,66,16621.100000,55.748382,37.160130
151433,66,18418.700000,55.729820,37.228021
143852,67,2049.400000,55.798702,37.400423
157093,67,3060.500000,55.797184,37.402597
1761,67,4061.100000,55.799886,37.407619
170374,67,5129.500000,55.806824,37.406060
50004993,67,6108.500000,55.811559,37.399002
308638,67,7197.400000,55.800305,37.395991
305382,67,8207.200000,55.796476,37.392149
205129,67,9218.500000,55.794116,37.390313
5874,67,10337.400000,55.793525,37.397764
146444,67,11366.900000,55.793551,37.402117
107490,67,12422.700000,55.795849,37.404875
305360,68,1468.200000,55.702084,37.364697
206215,68,3359.600000,55.801617,37.406163
50005275,68,4423.600000,55.809720,37.405730
145428,68,5416.400000,55.812004,37.396331
103840,68,6484.000000,55.818933,37.397773
209843,68,7593.300000,55.811361,37.411535
204526,68,8613.100000,55.808453,37.411818
206010,68,9613.000000,55.807612,37.414096
4240,68,10718.200000,55.805241,37.418771
308114,68,12097.500000,55.797701,37.482915
309414,68,13128.900000,55.793758,37.484989
206075,68,14129.600000,55.794995,37.491943
161074,68,15105.100000,55.791061,37.488493
208857,69,2689.500000,55.814824,37.245682
207034,69,3712.300000,55.811820,37.245703
143032,69,5233.000000,55.787255,37.298949
140606,69,6199.300000,55.787908,37.298069
147677,69,7689.600000,55.804066,37.398087
158871,69,8805.100000,55.803722,37.413601
112102,69,10182.500000,55.796859,37.485947
108964,69,11178.900000,55.798330,37.491005
308045,69,12168.200000,55.796528,37.492880
203897,69,13180.800000,55.793991,37.493228
314265,69,14343.800000,55.778456,37.477618
50000951,69,15518.100000,55.789558,37.473230
311094,70,1780.400000,55.686497,37.073633
214312,70,4064.300000,55.711580,36.890581
130051,70,5475.700000,55.744047,36.871762
214648,70,6462.100000,55.742654,36.867237
141124,70,7483.900000,55.740695,36.859339
105892,70,8593.600000,55.742178,36.851225
107118,70,9708.200000,55.740002,36.856027
158985,70,10733.300000,55.736108,36.857095
161070,70,11706.600000,55.733503,36.853474
2874,70,12695.800000,55.730100,36.856000
216354,70,13729.200000,55.724227,36.839513
161102,70,14808.100000,55.717623,36.826446
150239,70,16209.700000,55.701015,36.871138
124783,70,17259.900000,55.703001,36.863469
130962,70,18371.300000,55.703273,36.876341
171873,71,952.700000,55.527632,37.029364
162064,71,3306.200000,55.382796,36.751400
106782,71,4382.500000,55.384473,36.739370
169797,71,5333.500000,55.385546,36.744511
213891,71,6426.100000,55.388416,36.735220
106980,71,7486.600000,55.386890,36.727938
165965,71,8511.300000,55.382055,36.720431
203183,71,9534.600000,55.379224,36.699629
144045,71,10622.300000,55.381332,36.714038
101836,71,11720.100000,55.387178,36.718284
204645,71,12788.500000,55.385495,36.718898
168244,71,13737.200000,55.384704,36.720816
1840,71,14842.500000,55.386761,36.747928
137174,72,1717.300000,55.640348,37.016204
204506,72,3521.000000,55.627685,36.866173
209044,72,5168.200000,55.650561,36.737682
156209,72,6733.500000,55.600059,36.691383
125185,72,7772.800000,55.596676,36.693017
5520,72,9113.400000,55.574612,36.695853
209186,72,10342.100000,55.557714,36.690421
50003389,72,11605.700000,55.550907,36.692023
123687,72,12570.200000,55.552284,36.690111
129993,72,13693.100000,55.558729,36.700749
50006535,72,14663.800000,55.561996,36.701982
202983,73,864.100000,55.537986,37.072651
158596,73,3550.000000,55.376540,36.727056
3209,73,4477.000000,55.374718,36.725842
155443,73,5475.400000,55.379650,36.734494
105462,73,6419.200000,55.380845,36.735161
5444,73,7393.300000,55.380309,36.730183
166659,73,8699.500000,55.400929,36.728854
126451,73,9701.700000,55.405630,36.720404
207577,73,10691.200000,55.410239,36.716023
168902,73,11672.100000,55.414067,36.714860
159484,73,12674.700000,55.415001,36.725006
108997,73,13630.300000,55.412153,36.721100
165023,73,14995.600000,55.392873,36.765647
159828,74,2775.800000,55.739695,36.866439
2365,74,3708.900000,55.739980,36.862717
172024,74,4709.100000,55.742591,36.856672
212537,74,5961.700000,55.760996,36.856891
320759,74,7143.000000,55.751992,36.871384
164444,74,8195.400000,55.744844,36.876259
558,74,9208.200000,55.743240,36.878979
161387,74,10216.500000,55.745296,36.880523
308639,74,11480.000000,55.723473,36.875534
3732,74,12519.300000,55.724942,36.873753
203133,74,13540.700000,55.723057,36.871464
201256,74,15984.100000,55.643436,37.054530
129771,75,2777.100000,55.752282,37.162830
131326,75,4344.800000,55.810496,37.128242
145944,75,5475.900000,55.817705,37.090122
5588,75,6467.800000,55.815360,37.088390
136940,75,7457.200000,55.813437,37.088042
159224,75,8469.800000,55.810393,37.080164
130559,75,9569.500000,55.816306,37.068669
154040,75,11393.000000,55.772624,37.216743
309749,75,13029.700000,55.723293,37.277300
309910,76,2729.100000,55.722766,36.865673
304643,76,3842.300000,55.732874,36.846126
5446,76,5129.300000,55.713948,36.828750
205118,76,6953.200000,55.689535,36.689390
173161,76,8885.700000,55.608767,36.600427
122015,76,10108.400000,55.614149,36.618223
50004517,76,11082.700000,55.611963,36.617388
123595,76,13302.900000,55.511256,36.690628
306312,76,14294.300000,55.512296,36.693790
50003046,76,15506.400000,55.466633,36.688569
167934,76,16850.400000,55.427544,36.660705
310785,76,18021.600000,55.393871,36.620730
207581,76,19686.500000,55.375127,36.731295
204378,76,20668.600000,55.376999,36.736658
214229,76,22217.200000,55.417307,36.810403
208099,77,3434.000000,55.583159,36.493978
5034,77,4601.000000,55.580738,36.484966
156428,77,5816.400000,55.603690,36.482389
105077,77,6873.300000,55.599580,36.470322
151114,77,7855.500000,55.598889,36.467992
134225,77,8782.800000,55.597669,36.467687
123795,77,9907.200000,55.599674,36.485417
157190,77,10974.100000,55.604785,36.490842
50002519,77,12102.200000,55.620229,36.507404
161433,77,14199.400000,55.710090,36.685247
135832,77,17482.100000,55.706399,37.021211
204190,78,3475.100000,55.447594,36.602159
212498,78,4947.000000,55.487019,36.512536
214622,78,7511.600000,55.466786,36.353873
214070,78,9367.400000,55.354272,36.406185
206468,78,10899.000000,55.365061,36.487119
205600,78,12087.000000,55.377368,36.542540
202919,78,13655.300000,55.390459,36.692300
214786,78,14823.500000,55.376067,36.693083
157674,78,16234.700000,55.304089,36.647071
206397,78,18860.900000,55.270079,36.823400
129566,78,20412.100000,55.324865,36.756618
205170,78,21569.200000,55.325465,36.784184
211732,79,3129.000000,55.817471,37.249385
215705,79,4160.200000,55.821194,37.247109
160466,79,5133.300000,55.820076,37.245369
205435,79,6144.800000,55.821266,37.249167
107830,79,7832.900000,55.849539,37.198568
210084,79,8805.400000,55.852095,37.200279
152756,79,9756.600000,55.851074,37.197872
6037,79,10785.400000,55.852612,37.190666
172274,79,11802.800000,55.853804,37.187000
304888,79,13019.800000,55.856593,37.173930
203539,79,14114.200000,55.855265,37.181063
209248,79,15089.800000,55.856139,37.184471
173039,79,16090.700000,55.864151,37.185061
213780,79,17211.500000,55.889639,37.182985
171227,79,18674.300000,55.841786,37.193163
323736,79,22223.900000,55.677215,37.248275
50001132,80,564.800000,55.636990,37.260339
316078,80,4089.000000,55.816192,37.201906
313516,80,5252.200000,55.814214,37.211785
104077,80,6762.100000,55.839472,37.174885
309467,80,7709.900000,55.839962,37.175943
216848,80,8763.300000,55.839714,37.164649
305868,80,9889.200000,55.844106,37.156323
153148,80,10927.300000,55.841812,37.145804
105867,80,11997.700000,55.842409,37.124850
153142,80,12954.700000,55.840632,37.132674
172015,80,13954.900000,55.837279,37.134989
161048,80,14974.500000,55.837304,37.148237
2628,80,18094.600000,55.680175,37.270189
162659,81,3430.300000,55.856048,36.931349
170441,81,4816.200000,55.830811,36.999091
216108,81,6051.300000,55.807924,37.002497
139703,81,7095.400000,55.811173,37.007859
205581,81,8411.100000,55.782784,37.051700
203288,81,9454.200000,55.792810,37.028510
206947,81,10473.900000,55.804597,37.025968
311469,81,11711.500000,55.814533,37.086964
141900,81,12932.300000,55.825694,37.137037
3943,81,14138.700000,55.834411,37.176186
202479,81,15115.000000,55.834810,37.179150
163115,81,18308.900000,55.674519,37.265179
50006377,82,1512.500000,55.706543,37.378313
203604,82,5160.700000,55.876169,37.123390
110488,82,6493.000000,55.858003,37.121542
203810,82,7466.700000,55.856068,37.125888
164055,82,8524.300000,55.857588,37.117691
213593,82,9519.500000,55.860292,37.120831
152471,82,10468.600000,55.862065,37.121096
3147,82,11491.600000,55.865565,37.114983
101693,82,12654.600000,55.870308,37.101979
212034,82,13805.000000,55.864369,37.121298
5380,82,14772.000000,55.864650,37.126547
213735,82,15709.600000,55.863646,37.128476
324817,82,17864.200000,55.817001,37.206899
213661,83,3735.500000,55.603956,36.467990
172025,83,4802.200000,55.599560,36.457120
170376,83,6679.100000,55.670733,36.523729
202883,83,7677.900000,55.671890,36.520019
304920,83,10136.300000,55.703276,36.205753
135322,83,11936.900000,55.630141,36.335128
106644,83,13475.700000,55.548296,36.372126
161372,83,14540.200000,55.557789,36.367379
126797,83,16655.100000,55.548513,36.617038
318959,84,3373.200000,55.847003,37.190141
143135,84,5560.600000,55.863995,37.044682
140120,84,6554.300000,55.862936,37.045419
308976,84,7592.200000,55.860191,37.042273
100893,84,8835.500000,55.881672,37.033376
320117,84,9801.800000,55.883318,37.031278
146389,84,10780.400000,55.887252,37.032625
207449,84,11900.000000,55.882501,37.056940
305161,84,13681.100000,55.849054,37.181737
157963,84,14664.700000,55.850351,37.178427
171793,84,15606.100000,55.849671,37.176940
168206,84,16577.900000,55.848294,37.178147
2934,84,17552.600000,55.847447,37.174981
104691,84,18849.800000,55.837700,37.182939
204038,84,19846.900000,55.839613,37.183183
50002622,84,22171.900000,55.766770,37.218713
128193,85,4126.200000,55.912368,36.864984
150212,85,5343.600000,55.898399,36.862487
144798,85,6396.600000,55.905401,36.855954
143699,85,7408.000000,55.905427,36.858155
104766,85,8375.900000,55.906101,36.861071
2168,85,9392.700000,55.912613,36.858405
149409,85,10310.600000,55.912483,36.860394
139307,85,11252.900000,55.911990,36.860611
162508,85,12570.200000,55.913027,36.823689
157029,85,13814.000000,55.915101,36.793602
150644,85,14960.600000,55.902283,36.807461
133010,85,16119.000000,55.881076,36.801416
163544,85,17228.900000,55.858923,36.794078
317837,85,19726.900000,55.751812,37.123292
149434,86,2661.100000,55.738840,36.982302
125043,86,5025.000000,55.872886,36.947548
110480,86,7022.400000,55.862831,37.048628
151927,86,8098.300000,55.856946,37.042657
155437,86,10263.400000,55.913321,36.858664
317001,86,11846.200000,55.942050,36.775782
3363,86,13126.200000,55.940209,36.714703
162969,86,14055.400000,55.938978,36.712597
143402,86,15008.600000,55.939213,36.709107
211247,86,16027.100000,55.936434,36.703402
151393,86,17663.700000,55.894126,36.705908
134636,86,20234.200000,55.727650,36.861157
170564,87,4777.000000,55.512361,36.103585
211612,87,6095.800000,55.503390,36.040544
136777,87,7070.700000,55.503195,36.037110
142989,87,8112.800000,55.511910,36.040043
208752,87,9120.800000,55.509141,36.028569
208883,87,10062.600000,55.506836,36.031570
158532,87,11045.800000,55.503889,36.029881
2824,87,12004.800000,55.504919,36.027932
160076,87,13009.400000,55.504379,36.016227
156935,87,14082.900000,55.492934,36.034035
307112,87,15210.200000,55.496975,36.033519
5366,87,16162.700000,55.498392,36.032847
202468,87,17150.600000,55.498199,36.038298
127148,87,18299.400000,55.499586,36.060478
171909,87,19271.300000,55.497422,36.057471
201183,88,5127.000000,55.704269,36.199773
2024,88,6128.100000,55.701204,36.195563
134105,88,7107.200000,55.704766,36.193124
146338,88,8064.600000,55.702865,36.191614
217696,88,9049.600000,55.707123,36.183108
154968,88,10430.700000,55.757732,36.144722
312776,88,11703.300000,55.792361,36.094227
309917,88,13958.000000,55.764146,35.974401
105292,88,16497.100000,55.709170,36.203802
144326,88,17878.800000,55.772887,36.268127
172057,88,20679.300000,55.851576,36.511939
161778,88,22163.700000,55.866214,36.597439
309496,89,3253.100000,55.382257,36.545146
50000581,89,6148.700000,55.317097,36.238820
50001952,89,7593.600000,55.343318,36.192862
105733,89,8591.800000,55.343301,36.186141
126471,89,9548.300000,55.343439,36.181785
169318,89,11063.400000,55.302197,36.094481
169254,89,13231.500000,55.421767,36.056983
132981,89,14617.400000,55.467015,36.001605
3415,89,16370.700000,55.506653,36.016414
144973,89,17296.100000,55.506288,36.014541
150989,89,18250.900000,55.505977,36.020409
171853,90,5406.700000,55.527480,35.972030
203430,90,6466.200000,55.540480,35.967915
205035,90,8142.300000,55.609643,35.819851
305721,90,9469.400000,55.584645,35.869056
163621,90,11117.200000,55.539758,36.011429
207474,90,12846.500000,55.648607,36.037065
306252,90,14753.600000,55.704707,36.208367
206109,90,17601.600000,55.978956,36.449780
158510,90,18762.200000,55.994532,36.472903
143999,90,20039.400000,55.972605,36.539414
140533,90,21159.400000,55.960090,36.569044
172792,90,22543.500000,55.920023,36.606462
171413,91,2204.400000,55.672538,36.956923
50004667,91,7166.000000,56.026649,35.947586
308992,91,8188.600000,56.019344,35.939519
156924,91,9138.500000,56.016495,35.936907
50005431,91,10152.500000,56.002924,35.925513
305547,91,11812.900000,55.907692,35.845223
303117,91,13383.800000,55.864338,35.877581
128595,91,14347.500000,55.866026,35.878281
171913,91,17737.900000,55.710147,35.551533
169294,91,19295.100000,55.607197,35.572735
124955,91,20713.900000,55.531590,35.609829
164922,91,21637.800000,55.532100,35.609624
202752,91,23278.400000,55.449065,35.513397
172675,91,26368.100000,55.372400,35.897840
324595,92,1297.300000,55.675321,37.279357
308419,92,6233.200000,56.006341,36.597392
209089,92,8113.600000,56.087016,36.504977
305847,92,9839.500000,56.127372,36.647356
171002,92,11486.500000,56.081703,36.516238
169448,92,13004.100000,56.001178,36.475215
106680,92,14119.200000,55.995033,36.480015
50001291,92,15637.900000,56.008696,36.344956
50004470,92,17096.000000,56.014846,36.224222
138613,92,18734.900000,55.959428,36.223653
313610,92,20868.800000,55.885044,36.317755
150270,92,22652.800000,55.888246,36.423983
202681,92,23755.000000,55.908218,36.442893
170027,92,27456.400000,55.721290,36.792935
50004329,93,1806.300000,55.680042,37.151679
101907,93,7720.500000,56.026116,35.954506
123571,93,8737.600000,56.029484,35.954641
5828,93,9760.100000,56.035044,35.959047
306578,93,10870.300000,56.051235,35.941900
309630,93,12064.300000,56.063481,35.926290
207917,93,13323.200000,56.105541,35.917079
212547,93,14407.100000,56.077914,35.925904
50005617,93,15375.800000,56.066494,35.932117
50004090,93,16504.600000,56.043975,35.952204
1732,93,17583.000000,56.031377,35.952523
144107,93,18652.900000,56.031699,35.944505
5506,93,19788.400000,56.029837,35.959203
216455,93,21254.300000,55.984703,36.025111
159326,94,5025.800000,55.700884,36.193196
311845,94,9124.200000,55.761898,35.717372
169716,94,11872.700000,55.917650,35.908073
202872,94,12883.800000,55.926651,35.906717
309518,94,14200.700000,55.988235,35.930635
204282,94,16231.300000,56.028390,35.745780
316826,94,17512.900000,56.064297,35.756053
207004,94,20039.700000,56.226739,35.640955
202933,94,21093.700000,56.235158,35.643913
130009,94,22136.200000,56.228091,35.643107
109057,94,23201.900000,56.218382,35.658892
209822,94,25005.000000,56.128593,35.834988
146504,94,27196.900000,56.171041,36.130583
158003,95,8392.000000,55.895586,35.503751
50002194,95,10522.600000,56.003054,35.649552
103456,95,12211.200000,56.034900,35.518801
211248,95,13237.200000,56.032927,35.516143
209165,95,14253.700000,56.031468,35.512514
158514,95,15216.900000,56.031443,35.507461
2920,95,16176.100000,56.032265,35.507735
50002334,95,17257.600000,56.045664,35.494656
210489,95,18841.400000,56.150619,35.491835
214634,95,21983.300000,56.443775,35.612610
50005305,95,26018.800000,56.122184,35.964295
167079,95,31450.900000,55.755074,36.934728
50006549,95,35294.200000,55.612014,37.253162
140908,96,8372.600000,55.540747,35.003813
312026,96,9348.600000,55.543323,34.991294
3916,96,10331.200000,55.547201,34.993576
125795,96,11362.100000,55.548135,34.987256
313620,96,12383.400000,55.555230,34.980792
531,96,13433.700000,55.558664,34.985095
209961,96,14435.400000,55.559716,34.985118
50000575,96,16073.300000,55.652415,34.942264
134603,96,17662.300000,55.559167,34.993120
317199,96,18626.900000,55.556560,34.994511
206335,96,19591.200000,55.556400,34.999154
107385,96,20556.400000,55.554407,34.995463
208794,96,21532.600000,55.554094,35.002478
2822,96,22521.500000,55.555561,35.008423
218034,97,8545.900000,55.546184,35.016255
309991,97,11852.000000,55.833071,34.863257
306737,97,12795.400000,55.833461,34.858882
319185,97,16864.200000,55.433159,35.054661
167414,97,20412.700000,55.081496,35.008472
214212,97,24753.100000,55.184351,34.339862
101748,97,25830.700000,55.181620,34.335451
126017,97,27211.300000,55.219122,34.305727
50001464,97,34718.000000,55.530857,35.944137
212303,98,3613.200000,55.542290,36.381592
50005675,98,8229.700000,55.534836,35.370434
305940,98,13759.500000,55.229409,34.260290
214534,98,14824.400000,55.215364,34.279470
203085,98,15986.200000,55.196061,34.277048
101474,98,17063.300000,55.205275,34.275111
171330,98,18125.400000,55.210048,34.287266
209141,98,19150.200000,55.206514,34.295162
133398,98,20103.400000,55.204102,34.298146
3322,98,21037.300000,55.206483,34.297102
212248,98,22046.500000,55.214691,34.304469
201108,98,23135.800000,55.203907,34.309281
140855,98,24249.800000,55.212587,34.313406
308974,98,30937.300000,55.439489,35.751436
126846,99,14665.000000,54.781769,34.321101
124646,99,19133.200000,55.134927,34.306784
129832,99,20678.800000,55.168100,34.341451
5498,99,22187.900000,55.200646,34.308469
204129,99,23226.800000,55.200436,34.314582
162455,99,24336.600000,55.208871,34.319140
2626,99,25548.500000,55.215765,34.314557
