office_id;lat;long;route_num
219153;45.227376;38.995651;1
322169;45.238897;38.971693;1
136244;45.234942;38.963951;1
302789;45.234587;38.960374;1
311707;45.244255246;38.957896707;1
212305;45.239043;38.940836;1
206934;45.276133;38.843045;1
209470;45.27626;38.839623;1
147052;45.277929;38.839034;1
50002041;45.329017;38.818755;1
50000737;45.440745;38.729112;1
50004284;45.455313;38.701551;1
6128;45.43537524;38.718609691;1
317689;45.434141769;38.723335288;1
161887;45.43332;38.731744;1
50000565;45.423078;38.738545;1
315471;45.315892;38.666203;1
310794;45.353977;38.770003;1
50007050;45.220533;38.738832;1
302017;45.173069;38.806933;1
314626;45.134188;39.019627;2
161947;45.13939;39.03817;2
217006;45.142911;39.04504;2
314595;45.158666869;39.074154639;2
203828;45.156743;39.128018;2
318930;45.114764865;39.153767928;2
206136;45.110702;39.139327;2
158195;45.090413;39.120166;2
311314;45.099893;39.114992;2
161987;45.093957;39.107057;2
126559;45.092276;39.107197;2
310243;45.088428;39.098526;2
317386;45.086454;39.07481;2
305044;45.095038;39.048858;2
312789;45.095573;39.037387;2
5428;45.085344;39.0192;3
157770;45.088851;39.009929;3
312473;45.088542;39.009584;3
310094;45.089774;39.0049;3
137176;45.090739;39.007651;3
206097;45.090647;39.004779;3
151691;45.092164;39.009732;3
150701;45.091916;39.007883;3
164697;45.093429;39.008102;3
310657;45.093679;39.007321;3
144560;45.093689;39.004159;3
214434;45.095477;38.998306;3
210282;45.094943;39.00016;3
113174;45.093666;39.000527;3
135031;45.088222;39.0033;3
142568;45.087988;39.003303;3
50006771;45.083234;39.002056;3
323036;45.079492;39.001957;3
157910;45.08676;39.014025;4
321194;45.091686035;39.012270846;4
50006393;45.098474;39.010231;4
317464;45.106334804;39.004921141;4
212451;45.116118;38.997733;4
308142;45.156915;38.998211;4
303615;45.237234;39.001706;4
50002941;45.239582;39.03055;4
50002937;45.24918;39.001246;4
210257;45.247692;38.995795;4
143273;45.239485;38.983813;4
308650;45.237335;38.974999;4
151557;45.238522;38.978284;4
50006705;45.234295;38.980649;4
304828;45.227072;38.990009;4
128493;45.226845;38.999506;4
50007090;45.127295;39.00237;4
168523;45.134665;39.015791;4
162912;45.120529;39.008784;4
165658;45.111902;39.010317;4
50002867;45.108386;39.01403;4
315660;45.082744;39.016366;4
162237;45.090886;39.032295;5
101650;45.08973;39.033681;5
153612;45.091704;39.035195;5
207969;45.091666;39.038501;5
305535;45.093804;39.037674;5
213012;45.09325;39.041877;5
163597;45.091692;39.041833;5
50007038;45.084986;39.035773;5
311273;45.083981;39.037578;5
316453;45.079243028;39.038712187;5
210485;45.078391;39.037819;5
318084;45.114232;39.017273;6
323509;45.114168;39.022142;6
168994;45.11571;39.020608;6
3958;45.116331;39.028753;6
215368;45.115244;39.043535;6
202818;45.120502;39.040455;6
50004460;45.122316;39.04151;6
144158;45.114191;39.048835;6
308375;45.103659;39.043423;6
308651;45.112155;39.029811;6
151376;45.113129;39.030176;6
145235;45.113351;39.026642;6
164235;45.111224;39.026731;6
213487;45.111013;39.022187;6
218531;45.111482;39.018553;6
310225;45.088027;39.038602;7
217229;45.087339;39.046648;7
317394;45.088065533;39.050899083;7
160805;45.088336;39.045431;7
306178;45.091439;39.046524;7
162151;45.092391;39.045219;7
313489;45.104315;39.0605;7
50005798;45.104327;39.062126;7
305631;45.099632;39.059852;7
143568;45.098189;39.060606;7
157967;45.094434;39.032167;7
159145;45.094068;39.032323;7
209125;45.095414;39.022169;7
307131;45.095631;39.020146;7
306930;45.104671;39.015081;7
112891;45.106391;39.015734;7
112685;45.095289;39.016638;7
316508;45.09229;39.019789;7
311410;45.0899;39.02333;7
111059;45.093884;39.009567;8
209718;45.096686;39.005449;8
4029;45.097413;39.006025;8
209176;45.09787;39.004688;8
302095;45.098668131;39.002942204;8
306922;45.097808735;39.002132652;8
121352;45.09963;39.001335;8
50005904;45.101756;39.001639;8
151875;45.100612;39.003547;8
164179;45.099138;39.006114;8
212274;45.080421;39.01412;9
50005499;45.081567;39.01121;9
156711;45.084337;39.011543;9
141401;45.086072;39.00989;9
308100;45.088173;39.004724;9
142912;45.089163;39.007582;9
306743;45.086664;39.005802;9
155932;45.084066;39.001977;9
110623;45.077726;39.003032;9
323098;45.077742;39.002406;9
50007043;44.84108;38.679237;10
50006427;44.837335;38.67594;10
50004586;44.846474;38.567613;10
124991;44.847959;38.559348;10
305948;44.856524446;38.553305016;10
309205;44.857786;38.556498;10
207507;44.843733;38.561432;10
3640;44.836473708;38.561441534;10
121812;44.845664;38.673755;10
50002800;44.851401;38.680656;10
319953;44.85612;38.703155;10
322551;44.896561;38.048306;11
325077;44.907242;37.969281;11
101272;44.911315336;37.97156339;11
203948;44.919873;37.96676;11
112625;44.928893;37.98089;11
211455;44.932545;37.985738;11
210955;44.934265;37.98598;11
1514;44.934077772;37.989129587;11
50006198;44.936186;37.985108;11
157652;44.937456355;37.966551395;11
50006271;44.996667;37.939205;11
108254;45.033496;37.88367;11
163873;45.137071;38.125883;11
50000670;45.120668;38.36347;11
215572;45.555911;38.085334;12
307841;45.647344;38.159948;12
207001;45.64737;38.15843;12
50000689;45.616476;38.26709;12
211500;45.581282;38.374421;12
209265;45.468525;38.302915;12
211071;45.379515;38.225481;12
3457;45.36986;38.21638;12
208293;45.36809;38.213671;12
322536;45.368327;38.205205;12
320428;45.366789;38.194228;12
168338;45.367846;38.200435;12
109579;45.363451;38.208623;12
210841;45.361463183;38.212375373;12
50000720;45.357606;38.206993;12
213634;45.273057;38.15057;12
314931;45.004984;38.598694;13
50001897;45.008158;38.596017;13
50001465;44.856366;38.494849;13
218673;44.842557;38.494714;13
322187;44.846811;38.493302;13
104833;44.852377;38.492472;13
50003026;44.85947;38.491927;13
50005562;44.85036;38.388623;13
310690;44.84595;38.386387;13
104822;44.839333;38.397289;13
50001110;44.844199;38.393645;13
203529;44.853069;38.591661;13
50005079;44.797501;38.635355;13
139381;44.788859;38.610929;13
50000602;44.748057;38.549889;13
50005823;44.835865;38.666176;13
50007776;44.847209;38.671063;13
3401;44.849605655;38.665519889;13
50006378;44.852941;38.666733;13
164337;44.853483;38.667616;13
156067;44.848561;38.675345;13
169259;45.233435;38.288424;14
50000963;45.277589;38.217805;14
310840;45.238177689;38.175644746;14
202814;45.243428;38.155663;14
320750;45.242927;38.160047;14
50001584;45.232722;38.132298;14
112794;45.236341;38.118609;14
50007166;45.238636;38.108394;14
50000034;45.247855;38.107251;14
308844;45.254108;38.095458;14
311987;45.266202;38.101145;14
161202;45.266701;38.102591;14
50004614;45.27187;38.115092;14
309403;45.26509;38.123171;14
305454;44.908257;37.998341;15
50003671;44.905582;37.988379;15
107286;44.867582;37.853137;15
3842;45.013884;37.501635;15
213457;44.962589;37.462505;15
211813;45.022679;37.525208;15
161957;45.024609;37.49056;15
151354;45.023675;37.500936;15
318163;45.062547;37.550333;15
160648;45.114098;37.643887;15
50002799;44.934578;37.99641;15
203212;44.925882;37.988819;15
50002378;44.926154;37.982971;15
50001816;44.913856;37.980043;15
212569;44.86678;38.145647;15
316434;45.261227065;38.11015917;16
216294;45.267302;38.107904;16
139674;45.275806;38.100156;16
214698;45.342988;38.027037;16
302934;45.480824;38.049851;16
214776;45.439303;37.955033;16
140564;45.430303;37.964492;16
322606;45.431391;37.957207;16
309061;45.432188;37.955734;16
139894;45.431459;37.956451;16
303272;45.437882;37.758191;16
50001906;45.416234;37.931722;16
308849;45.290446;38.118536;16
160868;45.28439;38.113487;16
308366;45.277662;38.116736;16
50005716;45.273723;38.119892;16
139951;45.26028;38.125724;17
1103;45.257485;38.115175;17
307307;45.255561;38.115194;17
306063;45.253001;38.114617;17
214640;45.253571;38.121684;17
310987;45.250256;38.124608;17
104688;45.25122;38.129855;17
208881;45.246449;38.133744;17
206685;45.251823;38.136161;17
215470;45.259012;38.136493;17
214163;45.258625;38.129064;17
213832;45.264936042;38.144547975;17
104532;45.26929;38.153486;17
303152;45.378692;38.07106;17
309600;45.346687;38.218232;17
50006935;45.353356;38.220306;17
307506;45.222196;37.586041;18
218446;45.254863;37.462487;18
143147;45.262374;37.4438;18
105825;45.268434;37.397065;18
321940;45.274021;37.400216;18
5130;45.272852;37.405099;18
113115;45.267366;37.414389;18
50000443;45.258726;37.422557;18
157693;45.224692;37.571401;18
312839;44.832963;37.899131;18
206177;44.86791;37.864683;18
304235;44.766496;38.502929;18
50005390;44.850756;38.584151;18
201557;44.867393;38.663616;18
50003462;44.860506;38.673704;18
208150;44.867795;38.689253;18
217866;44.852372;38.677018;18
50001780;44.860902;38.18811;19
135056;44.865218;38.153915;19
159735;44.86627;38.150532;19
103283;44.874912;38.151146;19
50004870;44.881599;38.148629;19
303554;44.876368;38.152277;19
50005389;44.878258;38.14664;19
50003929;44.872348;38.145139;19
319969;44.860334;38.14262;19
303500;44.859976;38.149061;19
3175;44.862718;38.14808;19
50000980;44.864344;38.168919;19
203853;44.870926;38.166937;19
168253;44.881454;38.1668;19
50002510;44.887992;38.166793;19
50002995;44.867757;38.180421;19
212343;44.859942;38.69376;19
50002339;45.294396;37.906309;20
209071;45.220858528;37.917349821;20
106684;45.217075;37.899426;20
318193;45.217073;37.894433;20
212588;45.105345;37.507592;20
50004314;45.111166;37.421434;20
149510;45.115249;37.422297;20
145961;45.128989;37.332589;20
311861;45.132889424;37.33567354;20
147442;45.270406822;37.382300542;20
108562;45.270027;37.375723;20
167709;45.265487;37.388374;20
311636;45.261770461;37.399656591;20
50008283;45.265103;37.410675;20
145826;45.254647;37.413657;20
323111;45.25151;37.415046;20
50001321;45.240103;37.428944;20
217205;45.24837;37.418215;20
50001600;44.895591;38.053345;21
162225;44.931703;37.9789;21
134785;44.9382433;37.9825914;21
50007979;44.946713;37.986115;21
318207;44.944359264;37.991369797;21
164096;44.940219;37.989705;21
113225;44.942879;37.998049;21
309956;44.945207;38.002572;21
50003168;44.949437;38.00904;21
212237;44.930405;38.009085;21
308915;44.927464;38.008993;21
159061;44.926271;38.000699;21
5115;44.922718642;37.999066695;21
161618;44.919077;37.993365;21
311976;44.918522;37.995268;21
50003624;44.915987;38.006273;21
306868;45.011943;38.505252;22
210293;45.074584121;38.529182785;22
50001883;45.082566;38.466076;22
308376;44.942649;37.937822;22
312084;44.944595;37.872469;22
321270;45.014703687;37.755640199;22
214930;45.073135;37.773559;22
303182;45.094701;37.717312;22
313984;45.088643;37.676277;22
308812;45.124293;37.645941;22
138709;45.124421;37.641072;22
167116;45.124;37.633034;22
50001427;45.119562;37.618489;22
202643;45.202003;37.660563;22
207203;45.196159;37.722733;22
303436;45.256404;38.113586;22
145714;45.281485;37.369972;23
300047;45.319162;37.294269;23
314396;45.326121;37.279581;23
166280;45.324004;37.101056;23
211734;45.348112;37.12676;23
321453;45.284778;37.361723;23
5095;45.280039452;37.363090532;23
158872;45.274429;37.372476;23
168706;45.273599;37.376459;23
1486;45.276374;37.372476;23
50003857;44.846276;38.382021;24
150740;44.837341;38.298361;24
212292;44.853824475;38.288250898;24
102653;44.855857;38.290455;24
320912;44.860864003;38.295213136;24
135509;44.85772;38.297368;24
165687;44.861965;38.160634;24
162075;44.853743;38.162451;24
50000214;44.849619;38.170599;24
305291;44.85512;38.178022;24
111389;45.015422;38.338225;24
50002025;44.864627;38.382443;24
169419;44.84896;38.377036;24
151045;44.782338;37.685478;25
320439;44.782718;37.686249;25
208723;44.836574;37.650002;25
207142;44.839201;37.655248;25
162552;44.884417;37.606857;25
51;44.72932;37.758072;26
215347;44.726353;37.758323;26
160730;44.723446;37.760825;26
168629;44.715497;37.751831;26
50001995;44.723053;37.74666;26
213599;44.726486;37.744953;26
207950;44.729944;37.749158;26
4046;44.731394056;37.742277789;26
2152;44.735497726;37.732526528;26
165370;44.738346;37.732049;26
172995;44.681923;37.786554;27
154816;44.678025;37.78505;27
310499;44.67675;37.785611;27
2221;44.675839;37.785797;27
208593;44.676141;37.7881;27
149272;44.67572;37.789238;27
212758;44.674304185;37.790300356;27
50007715;44.672084;37.788939;27
208912;44.679458669;37.792634577;27
307382;44.693855;37.779898;28
134946;44.692605;37.779323;28
50008181;44.693515;37.769801;28
208248;44.692112;37.768723;28
213265;44.689294635;37.767793001;28
208662;44.687485;37.773053;28
142839;44.688906;37.777076;28
162819;44.686468;37.775103;28
3477;44.686628712;37.769781379;28
203135;44.686236;37.765848;28
50001902;44.687863;37.760692;28
50004616;44.689583;37.763811;28
101321;44.691789;37.763072;28
301171;44.705592;37.754278;28
325299;44.711902;37.762039;28
312821;44.723585;37.762929;28
108269;44.827121;37.574317;29
50001614;44.834216;37.563871;29
141644;44.835872;37.549612;29
142576;44.834801;37.548438;29
311498;44.835763;37.548052;29
217700;44.83945;37.549732;29
50004739;44.894933;37.557789;29
141687;44.908294;37.563055;29
50003042;44.911443;37.566656;29
129183;44.907089;37.567088;29
304699;44.761006;37.717079;30
313941;44.752378922;37.698927806;30
161622;44.746489;37.705553;30
313019;44.716399;37.593021;30
50003586;44.703818;37.635305;30
150260;44.71591;37.64899;30
210886;44.737924;37.678003;30
171011;44.75376;37.698805;30
170893;44.760183;37.691073;30
209930;44.702918697;37.782951644;31
210318;44.699505;37.778939;31
209755;44.673830861;37.77782725;31
205240;44.673548876;37.773426131;31
50002718;44.669776;37.77211;31
201083;44.659786;37.76384;31
6030;44.658983003;37.757931136;31
50001695;44.661667;37.749104;31
308022;44.659807;37.758707;31
50004570;44.662295;37.760467;31
202502;44.662537751;37.758103359;31
324720;44.680814;37.764932;31
50002719;44.684467;37.758329;31
316334;44.695354;37.760351;31
117648;44.761511;37.719304;31
172635;44.781557;37.708267;32
109397;44.742208;37.768104;32
123195;44.737788;37.781084;32
208465;44.72329;37.827733;32
312733;44.738836;37.793658;32
216270;44.742897733;37.782453333;32
215336;44.74072;37.774346;32
321274;44.747933544;37.757045006;32
173211;44.748981;37.754765;32
200308;44.707792;37.779609;33
209874;44.706985721;37.785897627;33
208755;44.705003;37.784928;33
50003052;44.70113;37.786183;33
132359;44.692048;37.791494;33
165092;44.696557;37.785522;33
145348;44.6994;37.783254;33
1905;44.701671;37.781517;33
320272;44.72265;37.771202;34
50001874;44.721139;37.776112;34
102613;44.719175;37.771698;34
215514;44.714746;37.774843;34
3120;44.717864;37.781475;34
314865;44.715041;37.783779;34
108643;44.711111;37.77739;34
164977;44.705426;37.773161;34
324084;44.714413;37.770861;34
139926;44.739768;37.725606;34
163369;44.743037;37.725024;34
216471;44.742249;37.73244;35
50007060;44.732326;37.752946;35
153665;44.732224;37.752329;35
50006898;44.733645;37.751826;35
164247;44.731307;37.753084;35
158988;44.72833;37.756892;35
215031;44.725901566;37.754284204;35
207454;44.736802;37.711339;35
50002219;44.74266;37.704386;35
147949;44.746061;37.721147;35
206628;44.690542;37.788791;36
173043;44.687364;37.785199;36
100924;44.680995;37.781714;36
165122;44.680301;37.78306;36
213155;44.678478;37.773329;36
313412;44.677310863;37.77610217;36
141645;44.677698;37.779013;36
124197;44.676127;37.778993;36
317999;44.676552;37.779584;36
159339;44.684973;37.779314;36
50002460;44.738306;37.728366;36
50002411;44.739831;37.726134;36
50006134;44.749485;37.726166;36
320797;44.75422295;37.726813155;36
306038;44.761608;37.720591;36
305812;44.754894;37.717231;37
207574;44.748409;37.713324;37
210878;44.731433;37.735068;37
211246;44.731244606;37.735824915;37
307761;44.672103;37.778191;37
50001352;44.670282;37.782952;37
207620;44.670372;37.780257;37
5199;44.673286315;37.781565428;37
314138;44.690356;37.783015;37
207757;44.694771;37.782296;37
50004026;44.71203;37.772733;37
206725;44.718295;37.774804;37
50006280;45.058644;39.048687;38
163510;45.061936;39.055695;38
323014;45.0646303;39.059993752;38
50005386;45.065864;39.06183;38
308733;45.066432;39.06388;38
50005821;45.070027;39.069654;38
215599;45.064304;39.058497;38
160807;45.062187;39.056813;38
50007876;45.072433;39.049379;38
218320;45.064903;39.040947;38
209189;45.062275;39.04075;38
144894;45.059747;39.040731;38
320500;45.056753;39.03815;38
162108;45.055721;39.04109;38
315195;45.054201241;39.040259838;38
314947;45.052172461;39.042299181;38
208335;45.051831;39.033183;38
157827;45.049925;39.034171;38
50007243;45.04775;39.034368;38
144597;45.04621;39.031068;38
50001931;45.046788;39.015495;39
50007861;45.045744;39.00971;39
50002697;45.043451;39.003058;39
215440;45.044648;38.993588;39
50000763;45.047266;38.996298;39
101224;45.050921;38.995679;39
50008314;45.063748;39.001401;39
142678;45.060741;39.002533;39
50002618;45.062159;39.004922;39
319831;45.062184;39.005353;39
129557;45.061807;39.006691;39
157767;45.065718;39.008364;39
128155;45.066704;39.005749;39
2182;45.064492;39.008246;39
212542;45.063216;39.00891;39
141151;45.062159;39.009162;39
307325;45.062203;39.010658;39
313139;45.062337;39.011479;39
213026;45.066026;39.013875;39
312293;45.065961471;39.012760317;39
149433;45.064644;39.011562;39
314956;45.05073;39.023058;39
137023;45.035727;39.015377;40
123498;45.036498;39.021929;40
308958;45.05714;39.022176;40
996;45.055383;39.018398;40
123745;45.060181;39.015744;40
50006347;45.056505;39.017717;40
140070;45.054834;39.017741;40
320015;45.053194;39.015854;40
218499;45.054951;39.009383;40
110310;45.057931;39.007444;40
316737;45.056518;39.003314;40
168833;45.050664;39.006558;40
158257;45.051617;39.015363;40
215578;45.051948;39.018045;40
141272;45.052054;39.01954;40
50006544;45.047491;39.027671;41
159616;45.047769;39.029086;41
102332;45.048555;39.028855;41
304381;45.048221;39.031664;41
215971;45.049864;39.031206;41
127171;45.051171;39.029282;41
217423;45.053675;39.031589;41
140119;45.052928;39.033698;41
218396;45.055327;39.036039;41
50007483;45.05684;39.034055;41
141500;45.057876;39.030129;41
202530;45.054714;39.032113;41
141797;45.054141;39.029977;41
50003801;45.052913;39.029855;41
140527;45.052899;39.030417;41
309655;45.051914;39.029607;41
321022;45.052716;39.028781;41
161349;45.075009;39.038603;42
212022;45.07613;39.043635;42
309346;45.076774;39.043711;42
307327;45.074987;39.042849;42
211003;45.073846;39.040728;42
161731;45.074053;39.022073;42
313586;45.072497;39.018118;42
169598;45.070816;39.01369;42
101756;45.07069;39.012002;42
214004;45.07165;39.008443;42
209563;45.070829;39.006682;42
123260;45.070002;39.008243;42
168525;45.067805;39.009871;42
211005;45.069892108;39.011035187;42
319324;45.068264;39.013941;42
163662;45.060236;39.032105;43
215390;45.070065;39.041438;43
308828;45.070969;39.042543;43
50007531;45.071067;39.040613;43
3196;45.071353;39.038146;43
212422;45.071255;39.039867;43
147663;45.070449;39.039104;43
159614;45.066467;39.035627;43
141130;45.06866;39.039312;43
306446;45.065461;39.03726;43
124049;45.064275;39.038593;43
159923;45.064187;39.038226;43
159164;45.06228;39.037252;43
125938;45.060615;39.037274;43
158526;45.058651;39.035805;43
314375;45.033095;39.019941;44
308981;45.038553;39.019816;44
110564;45.039474;39.019091;44
317467;45.041311;39.024235;44
2454;45.056276;39.032635;44
306519;45.059824;39.03341;44
159387;45.061014;39.03431;44
208296;45.06297;39.034024;44
111541;45.065382;39.032607;44
50006952;45.067297;39.031064;44
172437;45.069402;39.024279;44
157062;45.070007;39.021712;44
112934;45.066769;39.022074;44
308003;45.066787;39.024397;44
124813;45.061906;39.025771;44
309168;45.061215;39.027772;44
162057;45.060211;39.029266;44
163303;45.056988;39.028298;44
320592;45.06888783;39.03279748;45
160311;45.071089;39.029795;45
311374;45.073891;39.042723;45
306761;45.079091;39.04328;45
311572;45.077399;39.037868;45
127390;45.075312;39.036535;45
127750;45.073378;39.037257;45
209219;45.071841;39.035842;45
50006036;45.069782;39.035531;45
303212;45.069398;39.028442;45
102778;45.070183;39.027329;45
169877;45.068626;39.026833;45
206949;45.068614;39.027827;45
323081;44.967965516;37.293464659;46
133396;44.985941;37.266001;46
50007392;44.99144;37.27396;46
109405;45.001216;37.278225;46
211296;45.00207;37.2806;46
208073;45.002207;37.287368;46
217581;45.012604;37.293509;46
216913;44.967231;37.317609;46
209291;44.965025;37.32765;47
206271;44.970247;37.323056;47
322588;44.977893;37.334639;47
126041;44.979038;37.336654;47
202774;44.979557;37.337064;47
155690;44.980366;37.348982;47
203143;44.944046;37.347826;47
159058;44.929602;37.342182;47
212856;44.892729;37.343928;48
112664;44.876212;37.331216;48
323661;44.877639;37.332986;48
161489;44.87548;37.334556;48
163509;44.873634;37.334989;48
168005;44.870947;37.34549;48
309447;44.869604;37.346542;48
306283;44.873526;37.343739;48
145844;44.87742;37.339434;48
307595;44.881114;37.33021;48
149506;44.859054;37.4376;49
215367;44.825957;37.366745;49
169703;44.789726523;37.398550542;49
304208;44.799337;37.407268;49
301412;44.790746;37.400917;49
207236;44.853427;37.436966;49
218276;44.896413;37.459503;49
131810;44.899966;37.386693;50
213098;44.897024976;37.379707995;50
50004456;44.896297;37.355797;50
129420;44.896252;37.35446;50
306552;44.898313;37.355887;50
308060;44.89741;37.354698;50
212370;44.903361;37.353638;50
50001103;44.903393;37.359163;50
170331;44.902292;37.366097;50
50004113;44.904791;37.369727;50
308931;44.909245848;37.373669039;50
106109;44.900196;37.380719;50
310667;44.903955;37.39568;50
214087;44.979683459;37.272266915;51
322447;44.99045332;37.262313311;51
136386;44.993296;37.270373;51
128835;44.988112;37.262602;51
303267;45.092983;37.31025;52
160382;45.059676;37.314894;52
161496;45.055808;37.143984;52
219133;45.055752;37.12971;52
50004565;45.050749;37.327255;52
50005726;45.037324;37.345212;52
50003937;45.014269;37.341924;52
300315;44.89459;37.339853;52
127980;44.893993;37.338654;52
134016;44.899785;37.343474;52
160682;44.874096;37.328495;53
129043;44.872451;37.330039;53
141085;44.871282;37.33316;53
212986;44.869489;37.335762;53
323271;44.867496;37.333471;53
309422;44.865693;37.339057;53
140153;44.864294;37.337567;53
144253;44.86553;37.331725;53
5663;44.870258407;37.330633894;53
149593;45.193335;37.000502;54
303796;45.262679;36.915117;54
131575;45.286362;36.994142;54
215294;45.298287;37.00452;54
304169;45.33193121;36.985964822;54
306650;45.420511;36.770775;54
308127;45.378268;36.86747;54
312141;45.363325;36.930972;54
206504;45.410483;36.956098;54
208601;44.89896391;37.338173883;55
140370;44.896476;37.329185;55
214058;44.892175;37.329554;55
212907;44.894141;37.32282;55
50006484;44.891683;37.317328;55
2489;44.889268;37.320365;55
137502;44.886587;37.32332;55
211824;44.886089;37.32624;55
526;44.888825;37.332541;55
315954;44.891044;37.33768;55
317274;44.891486214;37.340710391;55
154465;45.20831;37.290702;56
215259;45.213688611;37.285508028;56
162619;45.223026;37.1618;56
50007547;45.216278;37.149184;56
104294;45.209465;37.154081;56
302553;45.172631;37.266035;56
309918;44.887436;37.391619;56
313806;44.893464;37.392338;56
204197;44.898512421;37.395758843;56
218427;44.892251;37.424192;56
213456;44.850561138;37.360127844;57
209953;44.855073;37.363149;57
171859;44.858711;37.363044;57
211472;44.859429023;37.360860693;57
50005874;44.862944;37.367274;57
213267;44.861158;37.380354;57
312042;44.866764;37.368816;57
149278;44.865375;37.364167;57
212822;44.864742;37.354626;57
208292;44.867349;37.353468;57
210701;44.876183;37.342598;57
131580;44.887703;37.336098;58
136735;44.882359;37.33684;58
110741;44.881836;37.333196;58
142139;44.879955;37.325497;58
135341;44.877768;37.323411;58
316112;44.87403;37.318263;58
138080;44.877579;37.317003;58
206107;44.879568;37.319269;58
50007276;44.898113;37.342688;59
132907;44.883847;37.329069;59
50007607;44.881063;37.323428;59
312628;44.883145;37.322425;59
214628;44.88533869;37.321454845;59
135535;44.883424;37.310148;59
50007849;44.886191;37.304303;59
209530;44.88856;37.302964;59
155083;44.889046;37.308734;59
5671;44.894492008;37.308983822;59
156554;44.893413;37.313582;59
110135;44.899677;37.360848;59
312370;45.223885;37.157051;60
208971;45.194294;36.994968;60
50000153;45.164306;36.839074;60
304356;45.131623;36.904651;60
309010;45.130138;36.708549;60
50005100;45.124255;36.707076;60
118278;45.208087;36.703587;60
321999;45.202773;36.710894;60
214616;45.212745834;36.712580915;60
5708;45.216552;36.718817;60
136223;44.900673;37.334252;61
217840;44.898650555;37.328103424;61
320902;44.900852;37.323239;61
50006488;44.902148;37.32368;61
137013;44.898777;37.330399;61
144696;44.901798;37.344328;61
2735;44.906109;37.344367;61
319945;45.023112;39.052775;62
3892;45.026248162;39.066372915;62
306539;45.031852;39.071046;62
50003086;45.033044;39.073553;62
151807;45.038923;39.093666;62
315568;45.038534;39.094052;62
50007203;45.037884;39.097538;62
304427;45.037369;39.091851;62
213822;45.035808;39.08833;62
164078;45.032489;39.090981;62
312626;45.03144425;39.09081912;62
213578;45.027049;39.089776;62
208642;45.027763;39.087638;62
5426;45.027;39.084361;62
50001022;45.026967;39.074307;62
308215;45.024144;39.069654;62
50002962;45.032922;39.05782;62
308296;44.996266;39.075673;63
170609;44.996648;39.07349;63
211593;44.995392;39.07636;63
308260;44.994212;39.074927;63
150729;44.992776;39.076513;63
207218;44.991772;39.0742;63
209048;44.992239;39.072104;63
157965;44.990194;39.069111;63
157942;44.989491;39.072133;63
308716;44.988993;39.070022;63
50002914;44.987125;39.070957;63
304144;44.986264;39.069816;63
50006851;44.992173;39.070552;63
141550;44.992937;39.065547;63
3849;44.995879;39.068006;63
213329;45.155354;39.298522;64
162582;45.125273;39.417239;64
50006207;45.121686;39.411319;64
309497;45.118732;39.411102;64
302963;45.11825;39.41369;64
211031;45.119975;39.414679;64
102307;45.119198;39.416262;64
50001046;45.124617;39.434887;64
208090;45.110549;39.413684;64
317304;45.067048016;39.317294017;64
206608;45.057734;39.310358;64
157551;45.051844;39.311476;64
50004221;45.039177;39.309819;64
305014;45.04773;39.310528;64
304599;45.027731;39.249344;64
150170;45.02961;39.249003;64
307096;45.013746;39.073355;65
322154;45.014511;39.080218;65
310983;45.008285;39.093712;65
50005901;45.013874;39.09222;65
171863;45.013902;39.094538;65
50007996;45.006905;39.10517;65
157560;45.006426;39.106707;65
5719;45.004952732;39.108579313;65
309642;45.021456;39.206052;65
202837;45.021456;39.207042;65
110052;45.019676;39.219998;65
161591;45.015463;39.215648;65
309654;45.017653;39.191625;65
50003167;45.016091;39.186516;65
318076;45.011733;39.117013;65
50001625;45.015531;39.106907;65
311985;45.011657;39.076955;65
164144;45.011031;39.07433;65
323085;45.01133006;39.07102903;65
124885;45.011961;39.069341;65
143503;45.017703;39.073075;66
50002241;45.018239;39.07971;66
314888;45.020175;39.091753;66
171064;44.983014;39.103923;66
143340;45.010707;39.099674;66
105020;45.020079;39.104381;66
309320;45.023004;39.100125;66
302926;45.024705;39.106404;66
311591;45.022692;39.111426;66
50002790;45.02777;39.120397;66
319165;45.027247;39.12614;66
316637;45.031322377;39.118892548;66
145033;45.031932;39.121287;66
150368;45.032236;39.127236;66
102612;45.035783;39.122693;66
304602;45.036986;39.122529;66
301928;45.039171;39.123787;66
50001050;45.034967;39.112522;66
325414;45.027291;39.09814;66
205939;45.037701;39.10613;67
102792;45.042424;39.104529;67
207915;45.057167;39.14178;67
114495;45.055528;39.15004;67
305325;45.054671953;39.149185813;67
217172;45.061887;39.173927;67
152683;45.06394;39.175007;67
217170;45.063859;39.180183;67
314097;45.064574945;39.184851909;67
308951;45.066512;39.199225;67
311285;45.059598;39.17293;67
213633;45.058944;39.155506;67
216142;45.061819;39.144276;67
207832;45.058839;39.135948;67
320330;45.043177;39.109414;67
316959;45.040571;39.09526;67
160973;45.040418;39.089542;67
155751;45.035957;39.092926;68
208163;45.035802;39.099334;68
206678;45.033408;39.099516;68
158705;45.037384;39.102881;68
208736;45.03891;39.107245;68
207679;45.038228;39.114453;68
310663;45.038502;39.11366;68
208913;45.038534;39.112028;68
50006622;45.056676;39.129516;68
214418;45.048894;39.128411;68
302990;45.048023;39.128835;68
320010;45.047769;39.127739;68
150726;45.047661;39.118651;68
313388;45.045349;39.110411;68
50006225;45.060273;39.111385;68
309400;45.058982;39.114148;68
209681;45.058076418;39.116867915;68
212461;45.067712;39.125628;68
323326;44.997967;39.067265;69
161324;44.999124;39.065774;69
150554;45.000319;39.067247;69
160054;45.000466;39.076987;69
50008206;44.998375;39.076266;69
125738;44.999808;39.075462;69
312425;45.003149;39.071585;69
173129;45.005315;39.071208;69
322864;45.006476;39.072663;69
111208;45.007097;39.069816;69
162886;45.008617;39.068064;69
214183;45.007801;39.080272;70
134717;45.005895;39.08154;70
211709;45.006825;39.086188;70
202312;45.005502;39.083332;70
211055;45.00188;39.082797;70
308309;44.996948;39.079122;70
151814;44.996452;39.078657;70
132759;44.99794;39.087298;70
50005090;44.995118;39.089192;70
211201;45.001772;39.087221;70
157562;45.003069;39.085779;70
103125;45.003233;39.084669;70
211508;45.002624;39.081422;70
142869;45.005383;39.064565;70
308820;44.117318;39.063914;71
318213;44.096683;39.106251;71
216580;44.088373;39.099204;71
109261;44.088113;39.095434;71
50000677;44.093588;39.09614;71
50004779;44.098942;39.097717;71
316885;44.100297;39.092456;71
216801;44.101072;39.08301;71
106121;44.107422;39.086914;71
317149;44.107878888;39.090875746;71
204889;44.114488;39.102074;71
172443;44.153083;39.178052;71
171778;44.166402;39.201335;71
50000667;44.165323;39.248625;71
200272;44.184051;39.240111;71
309803;44.31669;39.291484;71
50000216;43.988758;39.226592;72
151482;43.981575;39.23648;72
206744;43.922291;39.317167;72
171205;43.914728;39.349719;72
207320;43.915733;39.34594;72
112244;43.9161;39.338574;72
309815;43.914194;39.33755;72
322144;44.200121;38.885697;73
50002408;44.200502;38.890575;73
50006156;44.122941;39.053799;73
149410;44.112096;39.060723;73
321595;44.112315;39.063276;73
308137;44.125148;39.074218;73
202833;44.121711;39.073451;73
102187;44.12413;39.07931;73
127167;44.145983;39.038061;73
125770;44.169751;39.001275;73
50000577;44.171841;39.001382;73
312536;44.182713;38.973681;73
130492;44.322016;38.695353;74
50007125;44.317012;38.703671;74
150126;44.319372;38.703816;74
50008038;44.302609;38.750096;74
217848;44.325693;38.78328;74
205513;44.299639;38.75925;74
309869;44.607447;39.024783;74
1940;44.108867;39.059482;75
321803;44.10447;39.056862;75
310826;44.104243;39.059029;75
50006181;44.096851;39.067193;75
311401;44.096527;39.072538;75
102066;44.097873;39.080181;75
317150;44.100832;39.078691;75
101861;44.103445;39.081823;75
50006519;44.099628;39.080874;75
169901;44.097351;39.076921;75
186;44.098251;39.074136;75
50003743;44.106132;39.072495;75
212098;44.103635;39.071226;75
324723;44.101622;39.070957;75
304114;44.101469019;39.067264664;75
50002232;43.911648;39.328019;76
50007126;43.863455;39.405543;76
212541;43.879298;39.399427;76
211578;43.884683;39.379579;76
301066;43.910545;39.341299;76
50002632;43.91887;39.35027;76
208526;43.913523;39.33839;76
143969;43.915852;39.332698;76
112618;43.912146;39.330909;76
140433;44.147764;39.041005;77
50000890;44.094961;39.114606;77
130941;44.04258;39.152736;77
50004205;44.042271;39.151338;77
214408;44.005645;39.189534;77
50000315;43.961003;39.27111;77
213617;43.915698489;39.321938373;77
1487;43.914452;39.323868;77
204695;43.917308644;39.320752282;77
311345;44.201788;38.887395;78
50006810;44.203766;38.88889;78
141932;44.254787;38.851283;78
134862;44.254174;38.847681;78
3490;44.252317;38.842908;78
130278;44.253111;38.834626;78
311943;44.267595;38.829606;78
209618;44.476960956;39.730456729;79
308734;44.466699;39.73783;79
320814;44.465998;39.740732;79
2320;44.460555;39.744792;79
136483;44.456381;39.750472;79
213030;44.44293087;39.739358967;79
320043;44.44035;39.764187;79
311629;44.25254;39.768211;79
171061;44.302021;39.8337;79
216527;44.579154335;40.07685049;79
110956;44.577981;40.084036;79
205486;44.594688;40.094102;79
322545;44.591434;40.099258;79
133538;44.776978;39.866424;80
50001603;44.773626;39.866981;80
140382;44.769392;39.864523;80
2248;44.766888;39.866328;80
326074;44.765614;39.868598;80
169641;44.768431;39.869298;80
158430;44.765927;39.874296;80
310828;44.765151;39.871921;80
131524;44.760992;39.870802;80
212874;44.760315;39.869882;80
324925;44.764424;39.867798;80
161974;44.765495;39.861966;80
308618;44.768351;39.862259;80
323544;44.772244;39.855276;80
315880;44.77035;39.851736;80
318014;44.780236;39.835839;80
301257;44.781543;39.848093;80
50000672;44.789743;39.860051;80
206492;44.604336;39.609814;81
302782;44.607694556;39.714499374;81
50002168;44.624219;39.777877;81
308268;44.75003;39.903376;81
169206;44.747183;39.913163;81
50006249;44.678712;40.009768;81
306094;44.679103;39.963514;81
126596;44.678956;39.960988;81
50006725;44.675635;39.954917;81
217418;44.67109;39.956489;81
216826;44.735185753;39.852953456;81
324628;44.731630392;39.851540755;81
213884;44.694797;39.797604;81
305701;44.729253;39.777841;81
309257;44.683234;39.682903;81
307853;44.848366;39.674238;81
50004100;44.528807;40.148596;82
314043;44.494753;40.139619;82
302191;44.391952;40.219381;82
301793;44.291473;40.181921;82
111502;44.292152;40.183042;82
305542;44.098463;40.129217;82
301790;44.232727;40.203301;82
212647;44.292086;40.179702;82
161365;44.508138;40.179828;82
323541;44.510883;40.176046;82
218196;44.526068;40.167622;82
50002686;44.545761;40.15393;82
208350;44.551853;40.156894;82
161826;44.616083;40.06968;83
207251;44.609289;40.093066;83
208032;44.606651;40.101854;83
50001623;44.602077;40.10388;83
165;44.602368;40.10331;83
303497;44.605034;40.096078;83
50001257;44.599534;40.07866;83
212286;44.60285399;40.072046909;83
320282;44.599791;40.071689;83
309385;44.595542;40.061556;83
50000814;44.605233;40.06638;83
210687;44.608882657;40.063855288;83
112628;44.60875;40.059748;83
307315;44.893981;39.743023;84
303973;44.619748;40.063047;84
50001083;44.614401;40.059504;84
146182;44.612176909;40.058634575;84
165245;44.610704;40.07142;84
118560;44.610881;40.076248;84
309108;44.608602;40.078534;84
2336;44.612818;40.064439;84
302585;44.613928;40.062185;84
309510;44.628351;40.081876;84
50006616;44.626676;40.073809;84
50000769;44.630551;40.068518;84
322466;44.62284;40.060532;84
314459;44.788891;39.883384;84
50001242;44.830378;39.779108;84
50003066;44.750753;39.833189;85
50003648;44.746463;39.871526;85
322325;44.756123;39.868732;85
125406;44.757371;39.869381;85
215957;44.757045;39.872634;85
209743;44.754287018;39.87486755;85
103800;44.753238;39.877606;85
50006344;44.749939;39.877877;85
208682;44.752324;39.892343;85
50000607;44.760982;39.899708;85
50006254;44.771086;39.895529;85
50006329;44.774244;39.877408;85
307978;44.781988;39.872443;85
50000761;44.787618;39.872056;85
212928;44.617031;40.106549;86
306039;44.620902;40.107388;86
2736;44.615218;40.109086;86
50000539;44.617258;40.115913;86
312139;44.615469;40.128115;86
214728;44.614775;40.120683;86
306753;44.659686;40.113946;86
50001827;44.790855;40.131678;86
316192;44.932191;40.173764;86
201272;44.857503;40.079612;86
5145;44.871244165;40.060072161;86
310213;44.877876;40.051872;86
208806;44.873759189;40.056035315;86
210816;44.61360301;40.083290831;87
313186;44.611374;40.089377;87
309070;44.612439;40.088937;87
202594;44.610123;40.102618;87
138544;44.608908;40.106806;87
50005157;44.605066;40.111448;87
318128;44.603205;40.125363;87
310354;44.605267;40.134143;87
50002480;44.5911;40.141874;87
4055;44.593539488;40.116242859;87
304622;44.459944;40.053058;87
303896;44.562843;40.083888;87
309216;44.612792;40.034005;87
4056;44.612775561;40.032403805;87
302187;44.620035;40.015703;87
317387;44.517683;39.292921;88
50003147;44.446734;39.528541;88
311203;44.413964;39.428513;88
210690;44.426409118;39.529815288;88
313877;44.431185;39.535619;88
315191;44.424935;39.533805;88
3841;44.422124863;39.536898556;88
168879;44.412557;39.528037;88
312598;44.377984;39.649292;88
300062;44.364226021;39.703988627;88
324827;44.428037;39.682898;88
203921;44.44371153;39.719170005;88
301600;44.452423;39.724095;88
50005694;44.453999;39.729574;88
50007195;44.460145;39.73133;88
148349;44.462677;39.726908;88
113240;44.471687;39.71414;88
307835;44.601508;40.117633;89
50002207;44.599123;40.12089;89
314566;44.593404;40.121527;89
212973;44.582810672;40.126809;89
303470;44.574342332;40.132383475;89
2881;44.575686;40.13127;89
300006;44.579664325;40.138255373;89
318698;44.58624;40.13317;89
309454;44.593013;40.133134;89
5949;44.594284;40.132172;89
5440;44.609289;40.138386;89
305725;44.612824;40.142359;89
216232;44.629855;40.135631;89
311184;44.624553;40.104116;89
322635;44.620162853;40.08549875;89
139653;44.621203;40.066229;89
2122;45.050437;38.959727;90
137644;45.056369;38.959642;90
151739;45.059727;38.958757;90
206935;45.05886;38.951919;90
203190;45.061949;38.948912;90
139531;45.064288;38.951543;90
209978;45.057800856;38.946056729;90
307356;45.060726;38.943486;90
162540;45.061352;38.943985;90
5285;45.054239673;38.949198662;90
161796;45.052819;38.954412;90
215011;45.052254;38.959894;90
209491;45.037464;38.935302;91
151142;45.03186;38.921274;91
211389;45.03274613;38.919364103;91
50007186;45.031384;38.915973;91
115485;45.029839;38.914417;91
151795;45.028969;38.91367;91
50001677;45.028553;38.908579;91
204296;45.027008;38.908643;91
132495;45.026237;38.903922;91
103449;45.028167;38.903076;91
325074;45.030031;38.904481;91
320938;45.031872;38.912871;91
142984;45.032963;38.915876;91
144104;45.042573;38.951133;91
130439;45.040004;38.998685;92
114183;45.042589;38.993576;92
3090;45.038728;39.003835;92
322777;45.062308468;38.960499902;93
50004254;45.06538;38.957212;93
126707;45.066948;38.958551;93
212229;45.068124;38.959395;93
315637;45.072077;38.954948;93
50007604;45.074459;38.953302;93
139733;45.073555;38.953358;93
3852;45.07223;38.949121;93
173134;45.067738;38.949223;93
312276;45.068633;38.950978;93
140341;45.068583;38.953846;93
141127;45.066872;38.952446;93
307384;45.066017;38.95573;93
139581;45.064153;38.955648;93
126997;45.03704;38.996485;93
204648;45.040666;38.935159;94
5297;45.037250579;38.929622603;94
313125;45.036426;38.923354;94
210928;45.03684693;38.926700475;94
171326;45.03539;38.919324;94
50000340;45.036734;38.915881;94
321023;45.035725;38.914374;94
161945;45.034808;38.908078;94
50006677;45.038515;38.91076;94
132438;45.04164;38.91281;94
312745;45.041259835;38.916382434;94
171038;45.041426;38.918072;94
171008;45.039176;38.913296;94
50002690;45.043495;38.931835;94
309550;45.046775;38.932302;94
209080;45.045495;38.940629;94
50007884;45.054359;38.993432;95
313972;45.058364;38.988809;95
305116;45.058573233;38.983984126;95
313083;45.053404;38.984629;95
150043;45.047798;38.984272;95
50006610;45.05395;38.978074;95
310824;45.052808;38.978845;95
215050;45.057205;38.979192;95
157869;45.061062;38.967321;95
50004457;45.059965;38.967673;95
150386;45.060558;38.964729;95
308738;45.061351;38.96531;95
5062;45.063432273;38.964567335;95
130288;45.064096;38.974476;95
158336;45.06863;38.979675;95
216668;45.066403;38.981746;95
109221;45.064575;38.982542;95
50005267;45.062986;38.983236;95
50008234;45.059625;38.984673;95
164045;45.061742;38.986596;95
318390;45.065208;38.968953;96
213621;45.069814808;38.970253915;96
211591;45.067646;38.969923;96
213695;45.065272;38.96336;96
50005710;45.068585;38.965131;96
140352;45.073859;38.96918;96
319606;45.073725;38.96677;96
316252;45.073025;38.967893;96
211770;45.079804;38.976634;96
139037;45.080361;38.976699;96
312535;45.075158;38.976427;96
309432;45.073471;38.976202;96
212518;45.074604;38.977164;96
135247;45.073858;38.980736;96
300686;45.072938;38.981675;96
114613;45.071402;38.979507;96
312025;45.042139;38.986892;97
172245;45.040387;38.986968;97
213607;45.042305;38.975457;97
208111;45.049163;38.97675;97
127434;45.052395;38.973846;97
214796;45.055671;38.970507;97
114368;45.055486;38.968032;97
50006439;45.051727;38.966244;97
159015;45.054251;38.962219;97
166891;45.045043;38.963186;97
311711;45.047686;38.968055;97
306686;45.044896191;38.97845366;97
50006250;45.041674;38.978628;97
134871;45.03241;38.977262;97
169830;45.029158;38.991186;97
50001545;45.035598;38.993046;98
206380;45.038036;38.979885;98
215158;45.039975;38.969;98
50002472;45.042738;38.957544;98
136188;45.037926;38.948468;98
212144;45.037455;38.943448;98
50008049;45.037846;38.940715;98
2890;45.037333;38.96205;98
210688;45.034394;38.964449;98
211019;45.033747;38.971104;98
211507;45.035279;38.96827;98
1809;45.02898;38.968818;98
159277;45.023;38.97358;98
50006259;45.02359;38.976741;98
172240;45.019739;38.983548;98
144910;45.023896;38.992156;98
214958;45.034286;39.005218;99
311084;45.029432;39.003654;99
50002078;45.032738;38.984961;99
50005049;45.026393;38.98232;99
306046;45.019621;38.978089;99
321994;45.015276414;38.972027717;99
213460;45.014288676;38.964532644;99
125903;45.006973;38.960753;99
312402;45.007126;38.963024;99
5427;45.00754;38.967013;99
155290;45.014383;38.958739;99
214583;45.016869;38.960401;99
319049;45.021957179;38.963420759;99
3106;45.023751;38.960093;99
142316;45.024336;38.958335;99
212080;45.024321;38.967826;99
317079;45.023352;38.987141;99
308494;45.089469;38.899985;100
50006212;45.092474;38.917039;100
139652;45.079613;38.89735;100
162105;45.0792;38.89906;100
163112;45.078677;38.897977;100
131488;45.074302;38.902601;100
314080;45.074317;38.903106;100
129981;45.074081;38.904497;100
173155;45.072917;38.905774;100
159956;45.073229;38.905559;100
317634;45.073675;38.906861;100
321694;45.072825005;38.907064374;100
101793;45.067309;38.914047;100
50000808;45.065297;38.918297;100
50003520;45.066672;38.925043;100
50005351;45.070104;38.932922;100
50001101;45.056609;38.93426;100
50004291;45.060478;38.885904;101
5716;45.053281494;38.807409712;101
148313;45.051768;38.798345;101
162963;45.048228;38.792552;101
326058;45.042869532;38.791624123;101
50002623;45.035005;38.797339;101
50001858;45.001231;38.802747;101
50003844;45.035598;38.786128;101
207848;45.033651;38.782423;101
318225;45.035232966;38.766268033;101
311642;45.048571;38.773686;101
127318;45.071673;38.720254;101
168961;45.07756;38.681618;101
210801;45.081851353;38.756496536;101
304157;45.052729;38.782678;101
304156;45.047972;38.784942;101
209810;45.044457;38.814613;101
311141;45.044256;38.817855;101
50000469;45.036835;38.821331;101
307362;45.125979;39.010132;102
103929;45.128364;38.993606;102
164023;45.129215;38.986892;102
319050;45.132795;38.978358;102
214131;45.130302;38.978424;102
308179;45.132071;38.974765;102
156977;45.130373;38.973579;102
156999;45.131861;38.960284;102
162837;45.12682;38.970396;102
137621;45.125168;38.964717;102
310169;45.124589;38.969388;102
310391;45.12374;38.976822;102
326073;45.123915836;38.978882267;102
317624;45.117556;38.98685;102
321707;45.117837;38.97472;102
162433;45.115088;38.986526;102
311516;45.090597;38.9855;102
316998;45.084762;38.985006;102
320976;45.07538;38.973166;102
50000309;45.092222;38.976988;103
164005;45.099882;38.971881;103
160547;45.100574;38.97225;103
2055;45.1026;38.9702;103
50006913;45.108626;38.955876;103
214816;45.109626;38.957886;103
305662;45.111115;38.961183;103
206909;45.10736;38.96083;103
310122;45.112321;38.962901;103
322499;45.111819;38.961713;103
157715;45.107923;38.96403;103
213025;45.105288;38.952577;103
320115;45.10427;38.953673;103
311268;45.096549;38.942054;103
322809;45.096120092;38.940054929;103
309492;45.104209;38.950768;103
307802;45.100599;38.979526;103
319479;45.098035;38.984449;103
165913;45.097432;38.983576;103
312376;45.084023;38.903574;104
217837;45.093119;38.911369;104
108722;45.093885;38.909488;104
312610;45.093091;38.901211;104
319166;45.094498;38.899567;104
214065;45.093505;38.902594;104
140184;45.094574;38.906376;104
214718;45.096852;38.908371;104
306313;45.101286;38.905244;104
319960;45.09939748;38.903383116;104
312117;45.096844;38.901277;104
317159;45.099215;38.907438;104
50006852;45.093501;38.905504;104
164050;45.081573;38.898678;104
305303;45.076729;38.903099;104
141910;45.141889;38.998728;105
141025;45.140166;38.998614;105
307996;45.142714;38.997798;105
142978;45.141798;38.989175;105
137674;45.140559;38.995708;105
308364;45.140873;38.993619;105
137365;45.141518;38.98926;105
324782;45.139732;38.986677;105
310086;45.149114;38.998847;105
50001712;45.152746;38.973207;105
300485;45.15328;38.944376;105
50004211;45.1529;38.960459;105
216427;45.156971;38.965735;105
145264;45.157309;38.966545;105
321676;45.163670507;38.981501046;105
311048;45.181062;38.990575;105
50006335;45.059338;38.927082;106
110016;45.061644;38.927234;106
212762;45.061531;38.919894;106
50006867;45.060032;38.917291;106
50006188;45.050433;38.919529;106
50004504;45.055645;38.889793;106
5698;45.055876487;38.892512496;106
318052;45.057415;38.896881;106
126698;45.056266;38.912379;106
167574;45.061627;38.917653;106
5724;45.110855;38.935704;106
50000027;45.105587;38.939578;106
162684;45.101505;38.947575;106
310691;45.101891;38.953565;106
312428;45.098046455;38.969378987;106
162553;45.098182;38.973699;106
208332;45.267703;38.465034;107
50004544;45.285861;38.476991;107
314860;45.374517274;38.439899954;107
301063;45.38237;38.431123;107
122313;45.37535;38.437114;107
110713;45.269105;38.463412;107
104777;45.193372;38.567516;107
50000564;45.211612;38.578617;107
307268;45.196563;38.587467;107
163527;45.194835;38.584885;107
50006172;45.190934;38.58583;107
50001007;45.098809;38.651802;107
111753;45.098062;38.639256;107
214354;45.098316;38.633823;107
166121;45.10712;38.65086;107
112779;45.15027;39.034682;108
214020;45.159559;39.023597;108
307160;45.161465;39.018324;108
158314;45.160245;39.016402;108
307167;45.157817;39.016393;108
309765;45.162419;39.010508;108
318271;45.154025;39.010901;108
312340;45.150253;39.016016;108
319966;45.150549507;39.012993839;108
203076;45.150584;39.006961;108
301416;45.146281267;38.995859373;108
127374;45.145912;38.993234;108
214779;45.142967;38.994611;108
50006425;45.137043;38.993971;108
123078;45.137574;38.998094;108
160580;45.105086;38.956043;109
308919;45.108068;38.933856;109
150148;45.102514;38.930237;109
308121;45.100631;38.928098;109
50007486;45.100275;38.917884;109
311080;45.102792;38.913687;109
102081;45.113765;38.921291;109
217698;45.120389;38.916893;109
320672;45.131315;38.90758;109
50001880;45.133737;38.905379;109
168175;45.129376;38.907413;109
313779;45.10384707;38.907652827;109
139667;45.113155;38.927943;109
130971;45.113994;38.929646;109
211869;45.118424558;38.929750712;109
314525;45.121265;38.934056;109
318295;45.121311;38.936382;109
318205;45.119511;38.937934;109
50003926;45.130118;38.940207;109
325165;45.122494;38.943576;109
165263;45.127054;38.951913;109
308356;45.01943;39.012234;110
311605;45.015694;39.017272;110
162181;45.015473;39.017669;110
314961;45.011331;39.013455;110
50007850;45.002773;39.020588;110
50004592;45.003291;39.026864;110
150877;45.002737;39.031928;110
307799;45.001428;39.032212;110
50003893;44.999797;39.03117;110
314488;45.004553935;39.03487562;110
162363;45.009324;39.033165;110
321461;45.012287675;39.036178063;110
325824;45.011677;39.037856;110
139490;45.010514;39.040809;110
50003019;45.013568;39.03983;110
50001411;45.014886;39.046103;110
216293;45.01727;39.047026;110
307082;45.023552;39.040989;110
205001;45.026087;39.032553;110
5927;45.026998548;39.02960086;111
319556;44.647605;39.16245;111
211901;44.631064;39.14575;111
145434;44.633399;39.139175;111
50003228;44.635009;39.127164;111
162110;44.631366;39.120544;111
5204;44.630679797;39.107095909;111
322248;44.62978506;39.105646968;111
214232;44.625387;39.102254;111
150864;44.626314;39.105246;111
164095;44.62821;39.10573;111
325114;44.630468;39.111848;111
50005589;44.625547;39.117633;111
169155;44.630653;39.127944;111
215000;44.636664;39.143567;111
3319;44.63531;39.137755;111
322799;44.63549;39.136174;111
147976;45.019921;39.039414;111
50005846;45.024922;39.036452;111
158835;45.018621;39.028484;112
6007;45.01374868;39.025858749;112
50005059;45.016565;39.032674;112
1283;45.018045539;39.036297118;112
157598;45.017581;39.038598;112
5074;45.012658754;39.048564091;112
145143;45.013236;39.051497;112
202826;45.021527;39.047953;112
217460;45.025388;39.04824;112
315869;45.024278;39.049155;112
213591;45.028591;39.051919;112
139563;45.0333;39.044264;112
305933;45.033613;39.04316;112
310234;45.0327;39.043307;112
308819;45.031221;39.03166;113
312212;45.031477;39.031988;113
209621;45.033623;39.03038;113
50007108;45.033451;39.036596;113
6071;45.029421;39.038196;113
213810;45.028285;39.04297;113
302715;45.025783;39.018082;113
163299;45.025099;39.019223;113
309713;45.025514;39.019941;113
151474;45.025832;39.019776;113
165829;45.025502;39.014053;114
50007505;45.01985;39.002505;114
50006291;45.017493;38.992857;114
110453;45.014377;38.991151;114
321507;45.008591;38.996792;114
101476;45.016999245;38.998866746;114
213506;45.0174;38.998714;114
169926;45.021325;39.011786;114
322743;45.022692;39.01306;114
141696;45.021968;39.017663;114
150856;45.020985;39.022243;114
306764;45.021658;39.024323;114
50008202;45.027196;39.025825;114
50007202;44.988454;38.944935;115
50005151;44.985566;38.934564;115
131764;44.979437;38.937668;115
214766;44.980105;38.935077;115
215617;44.974992;38.922411;115
304033;44.999835;38.774638;115
317711;44.897915;38.838527;115
161599;44.901933;38.84058;115
158609;44.912327;38.84474;115
50004793;44.914902;38.845255;115
50007703;44.915036;38.833667;115
308240;44.914009;38.830711;115
113180;44.913405;38.834657;115
214777;44.911389;38.840271;115
310640;44.902327;38.846818;115
2440;44.895077;38.842292;115
50003195;44.989369;38.951112;116
50003702;44.999898;38.974718;116
210964;44.98597;38.975637;116
319707;44.98678;38.979724;116
50003803;44.986525;38.98744;116
167731;44.998021;38.992646;116
301666;44.920602;38.988653;116
50002389;44.922357;38.994878;116
112527;44.916898;38.995987;116
307267;44.882461;39.064606;116
304109;44.887053;39.263537;116
50005083;44.901771;39.414158;116
167759;44.887688;39.384553;116
313279;44.883055;39.379564;116
308390;44.891951;39.382043;116
313277;44.883145;39.203;116
4216;44.882592276;39.193483542;116
323419;44.882506;39.188609;116
50004059;44.87657;39.187894;116
304724;44.877448;39.188555;116
304025;44.882408;39.183802;116
164339;44.986755;38.960895;117
50003798;44.932938;38.907364;117
166643;44.929935;38.918387;117
310160;44.92507;38.917758;117
154130;44.922698;38.915363;117
212849;44.921489;38.91242;117
209702;44.921302;38.908424;117
162103;44.917916;38.907171;117
200316;44.921932;38.906062;117
303278;44.776403;38.836469;117
303079;44.785731;38.801588;117
300251;44.784976;38.797492;117
302732;44.784356;38.797527;117
305733;44.802023;38.814245;117
5052;44.924248;38.903747;118
207550;44.83676;38.8741;118
320519;44.829875;38.882715;118
111179;44.828791;38.887665;118
219048;44.761269;38.976481;118
164054;44.638793;39.156518;118
319604;44.648266;39.170454;118
113171;44.648149;39.177749;118
209658;44.652793;39.17765;118
300319;44.754919;39.288008;118
305189;44.758612;39.434911;118
302407;44.691586;39.305004;118
316792;44.686268;39.428711;118
207874;44.707431;39.229473;118
208797;44.708962;39.21758;118
322476;44.720453;39.224622;118
315611;44.750707;39.242203;118
321732;44.831972;39.213852;118
159308;45.021853;38.94527;119
305288;45.019494;38.943324;119
309818;45.020869;38.944885;119
50000939;45.01104;38.944364;119
147107;45.00543;38.939695;119
310558;45.000682;38.938401;119
127647;44.997408;38.942979;119
309369;44.996833;38.939156;119
307049;45.000224;38.932329;119
145791;45.001237;38.93143;119
306795;45.00146;38.931035;119
127373;44.993323;38.929784;119
157339;44.991327;38.928576;119
305612;44.991115;38.932634;119
307832;44.989056;38.928717;119
50004018;44.981773;38.94737;120
3639;44.979935052;38.941263962;120
309035;44.976898;38.941608;120
150876;44.971068;38.934012;120
307778;44.970458;38.936964;120
158196;44.998928;38.926405;120
122573;45.014742;38.916447;120
306618;45.015193;38.915701;120
308070;45.037763;38.894393;120
307145;45.019411;38.919608;120
205295;45.021744;38.924913;120
205211;45.024454611;38.92858862;120
159686;45.023908;38.937077;120
50005687;45.029487;38.941776;120
125077;45.028485;38.946227;120
153887;44.555125;38.10818;121
208250;44.567865;38.080681;121
200024;44.574318;38.07601;121
519;44.569281944;38.080567425;121
5339;44.566696658;38.088471491;121
135293;44.562792;38.093921;121
171401;44.425656;38.773605;122
137230;44.370589;38.540573;122
324938;44.370602;38.532704;122
160512;44.373712;38.534814;122
216461;44.419694;38.359716;122
108664;44.38062;38.531518;122
3439;44.367498;38.538285;122
309455;44.554744;38.096752;123
209155;44.553673;38.090566;123
50003387;44.552113;38.05845;123
306402;44.547299;38.058843;123
136999;44.548952;38.059641;123
106470;44.55092;38.064496;123
321884;44.548192;38.071284;123
164591;44.549335;38.086834;123
313229;44.551288;38.09482;123
319880;44.549669;38.098854;123
210786;44.551776;38.103193;123
151567;44.553331;38.106813;123
5083;44.578818267;38.074470398;124
50000825;44.581386;38.072632;124
303377;44.588477;38.057216;124
5278;44.588217656;38.055346593;124
161014;44.590092;38.049518;124
308501;44.591132;38.048153;124
322403;44.575868206;38.077411653;124
207238;44.574682;38.083706;124
159497;44.471689066;38.39997177;125
312277;44.547401;38.229632;125
171004;44.504313;38.144749;125
160791;44.500595691;38.142732078;125
166751;44.502273;38.132561;125
50001884;44.507116;38.132702;125
217316;44.594213;38.114269;125
109164;44.371492;38.527961;126
301684;44.37307;38.52541;126
211880;44.556107987;38.084252898;126
213272;44.558113014;38.089569831;126
211275;44.558290671;38.09723456;126
106658;44.556073;38.105688;126
319647;44.554782;38.113981;126
310195;44.511337;38.320073;126
202620;44.552946;38.099316;127
159518;44.55281;38.098135;127
112633;44.550121;38.083523;127
309937;44.551866;38.076836;127
123765;44.553375;38.073803;127
213288;44.553121;38.065612;127
304120;44.549374;38.071617;127
159995;44.548404;38.076836;127
200414;44.548596;38.081687;127
150545;44.649986;37.937506;128
50007561;44.64981;37.940313;128
3861;44.652711985;37.946299705;128
300789;44.652146;37.947844;128
149055;44.599564;38.033308;129
311731;44.571929;38.021473;129
203141;44.600794;38.028067;129
101806;44.60473;38.03179;129
324070;44.605265;38.032639;129
171672;44.582716;38.000102;129
303092;44.608788;38.029913187;129
311506;44.619221;38.027833;129
219089;45.237069;39.886124;130
159973;45.31664;39.94932;130
309309;45.308014;39.935675;130
211640;45.308185;39.932459;130
50001650;45.304535;39.931395;130
105688;45.298151;39.912673;130
206600;45.292198;39.914787;130
50003810;45.26547;39.797649;130
206953;45.235476;39.715525;130
169970;45.222648;39.723097;130
207721;45.219744;39.712784;130
113153;45.215869;39.700286;130
132183;45.221571;39.694176;130
50007401;44.953792;39.581819;131
111350;44.955808;39.60002;131
310754;44.976699;39.700598;131
302080;45.048667;39.649283;131
308451;44.999905;39.696004;131
300276;44.932706;39.757068;131
118116;44.925891;39.762919;131
304993;44.899313;39.850928;131
50002824;44.952368;39.866481;131
215917;45.03591;39.841576;131
50004982;45.09437;40.003848;131
207556;45.105548;39.89409;131
207571;45.140895;39.746777;131
5664;45.210518;39.688702;131
306478;45.216158;39.693076;131
215631;45.229652;39.720492;131
109821;45.06353;39.300308;132
150467;45.196609;39.243205;132
215048;45.206335;39.238142;132
50004096;45.220895;39.235151;132
141226;45.217409;39.229532;132
146127;45.219015;39.22835;132
147796;45.222438;39.228154;132
50002244;45.220222;39.222525;132
168931;45.239686;39.210886;132
310907;45.222361;39.214588;132
306819;45.221326;39.209836;132
217912;45.207421;39.225434;132
162653;45.211219;39.232657;132
304467;45.134397;39.191723;132
206618;45.426925;39.197925;133
319879;45.404434;39.377758;133
306068;45.400998;39.385008;133
206933;45.388560547;39.385532224;133
319758;45.402219;39.407484;133
169699;45.463632;39.441623;133
311477;45.46347;39.444214;133
150826;45.468439;39.447896;133
50001543;45.46984;39.453097;133
50001729;45.478031;39.462802;133
123265;45.480523;39.451062;133
306906;45.478568;39.440119;133
50001579;45.472804;39.427516;133
50000874;45.467634;39.432313;133
109252;45.46374;39.421968;133
206675;45.461521;39.416251;133
305071;45.281777;39.429672;134
305572;45.295905;39.565102;134
302675;45.21881967;39.575690915;134
303468;45.213422;39.572567;134
306546;45.217714;39.649445;134
212424;45.212523752;39.663668458;134
206932;45.206691;39.688728;134
306097;45.216108;39.687381;134
325309;45.214882;39.680688;134
163293;45.212838;39.675298;134
3556;45.216681;39.657514;134
300295;45.109548518;39.686205369;134
301277;45.143261;39.583446;134
109175;45.143477;39.593997;134
213557;45.187022;39.661857;134
109182;45.226719;39.215668;135
164420;45.225986;39.219664;135
211757;45.227923674;39.218714813;135
208827;45.235596;39.239103;135
50001159;45.259748;39.230479;135
165971;45.29056;39.280138;135
208899;45.290015;39.262037;135
145267;45.296983;39.243703;135
50006003;45.385877;39.382421;136
145268;45.39053;39.393084;136
50005038;45.384712;39.410601;136
50000287;45.454491;39.448976;136
135686;45.461774;39.450864;136
172585;45.462645;39.461619;136
316336;45.456837;39.462946;136
215266;45.452157229;39.468689204;136
50006866;45.455618;39.472408;136
216209;45.45324;39.492428;136
50006088;45.456705;39.607463;136
215303;45.381845;39.568605;136
320101;45.36763;39.696373;136
309472;45.378021;39.697612;136
113282;45.376255;39.712573;136
302397;45.3643;39.776988;136
304540;45.226056;39.685503;136
112749;45.210983;39.564866;136
50000495;45.287573;39.152021;137
310911;45.332774;39.082761;137
5555;45.351069;39.083283;137
207017;45.34635;39.073788;137
50005412;45.342404;39.064076;137
207075;45.520839;38.941244;137
303415;45.51802;39.002622;137
323980;45.454435;38.992372;137
103923;45.455139;39.018498;137
212778;45.460059;39.030412;137
211519;45.443998;39.005692;137
214519;45.437071001;39.011741729;137
