office_id,coordinates,,dist_lm,avg_shk
50002693,55.6570080000,37.3909060000,15,110
125173,55.6890350000,37.4699700000,22,395
168206,55.8482940000,37.1781470000,54,347
316826,56.0642971130,35.7560532340,149,102
141164,55.6109920000,36.9680280000,24,784
50005304,55.6688640000,37.4386910000,19,78
151543,55.6465690000,37.4784420000,21,433
5498,55.2006464040,34.3084691020,209,770
304887,55.6783970000,37.2348450000,18,256
210556,55.7743910000,37.2355460000,45,678
320117,55.8833180000,37.0312780000,67,0
202468,55.4981990000,36.0382980000,84,389
171866,55.7101390000,37.4699520000,25,237
304426,55.6680290000,37.4421190000,19,568
204223,55.6752700000,37.5215240000,26,286
584,55.6487775650,37.3690554230,14,512
202883,55.6718900000,36.5200190000,67,306
126343,55.7232810000,37.4361800000,27,454
210489,56.1506190000,35.4918350000,174,415
160814,55.6187200000,37.4940540000,24,732
147201,55.6425790000,37.3269470000,12,695
50001291,56.0086960000,36.3449560000,110,304
139275,55.6557910000,37.2637890000,12,1203
141559,55.7027470000,37.3199230000,21,308
172015,55.8372790000,37.1349890000,58,601
130559,55.8163060000,37.0686690000,56,472
304522,55.6777630000,37.4518690000,20,370
308076,55.6860230000,37.5242900000,25,186
211612,55.5033900000,36.0405440000,83,311
210657,55.6358580000,37.3474040000,12,80
162917,55.6862100000,37.2595230000,18,695
158510,55.9945320000,36.4729030000,101,490
306149,55.6081190000,37.4126130000,18,519
146326,55.7254480000,37.4141940000,26,389
304886,55.6658630000,37.2878370000,17,203
107839,55.6352660000,37.3848490000,14,672
123595,55.5112560000,36.6906280000,48,471
101693,55.8703080000,37.1019790000,59,633
312026,55.5433230000,34.9912940000,154,246
172024,55.7425910000,36.8566720000,44,391
109410,55.5147260000,36.9844340000,21,1175
3336,55.6774267220,37.5171410640,26,360
100893,55.8816720000,37.0333760000,67,654
150206,55.7268270000,37.3529470000,27,443
203430,55.5404800000,35.9679150000,92,274
125112,55.6790930000,37.4463400000,20,369
105292,55.7091700000,36.2038020000,83,736
173127,55.6458120000,37.3394090000,13,526
308561,55.6189490000,36.8439340000,36,161
154887,55.6434390000,37.4090910000,16,385
3618,55.6812794000,37.5195873710,25,296
209709,55.6747980000,37.0409440000,23,504
323869,55.5366390000,37.1833990000,14,0
305753,55.7199260000,37.4199160000,26,257
156883,55.7040590000,37.4610450000,24,905
50005995,55.5575960000,37.3105510000,14,70
206800,55.6429770000,37.3930740000,15,353
132981,55.4670150000,36.0016050000,87,342
171207,55.5251100000,37.2649810000,19,193
157438,55.5998730000,37.3660830000,14,852
208387,55.6192230000,37.4871550000,24,316
319375,55.8071844650,37.3943905250,35,271
113289,55.6449980000,37.3981880000,16,868
172010,55.6440590000,37.4056330000,16,272
214534,55.2153640120,34.2794701390,208,240
205581,55.7827840000,37.0517000000,56,241
301718,55.6670860000,37.4967760000,23,464
135486,55.6614900000,37.4220320000,19,691
209829,55.6811580000,37.2457960000,18,346
314573,55.6892650000,37.5580110000,29,245
310785,55.3938710000,36.6207300000,51,357
157190,55.6047850000,36.4908420000,57,756
200618,55.6125370000,36.8108270000,38,443
123106,55.5484290000,37.3247530000,17,826
161668,55.7213830000,37.3878500000,26,388
50002622,55.7667700000,37.2187130000,31,149
143402,55.9392130000,36.7091070000,92,457
161082,55.6672440000,37.2851510000,17,568
137172,55.4813570000,36.9199680000,28,519
204235,55.7029460000,37.4977800000,24,265
3948,55.7571950000,37.4050710000,33,690
209473,55.5328340000,37.0607430000,17,498
203539,55.8552650000,37.1810630000,53,443
50003068,55.6911310000,37.4525350000,22,200
3946,55.6762970060,37.5102858390,24,636
139362,55.8073860000,37.2863600000,39,665
169797,55.3855460000,36.7445110000,43,477
3363,55.9402090000,36.7147030000,92,871
141124,55.7406950000,36.8593390000,44,336
50001924,55.6844570000,37.4508810000,23,312
2934,55.8474467440,37.1749814060,54,683
209761,55.7613250000,37.5125050000,35,755
312900,55.5683490000,37.2843780000,13,188
168902,55.4140670000,36.7148600000,46,675
205368,55.6030610000,37.3689340000,14,780
103759,55.7603750000,37.4190630000,34,942
161070,55.7335030000,36.8534740000,43,155
207570,55.5948090000,37.0420490000,19,350
139307,55.9119900000,36.8606110000,67,463
323736,55.6772150000,37.2482750000,17,0
205304,55.6230740000,37.4925360000,23,403
208883,55.5068360000,36.0315700000,84,243
203820,55.6324280000,37.4793400000,22,512
100340,55.6638000000,37.4860820000,22,883
3916,55.5472005830,34.9935757040,154,716
156428,55.6036900000,36.4823890000,57,337
164246,55.5907960000,37.3669420000,14,323
210203,55.7516440000,37.5162600000,32,518
113430,55.6465640000,37.4076620000,16,588
210491,55.5831600000,37.0376220000,21,540
307706,55.6518110000,37.3966140000,16,154
170027,55.7212900000,36.7929350000,48,564
113618,55.6448830000,37.3651910000,13,987
310792,55.6474730000,37.4977280000,23,184
3619,55.6449222020,37.4951725290,23,788
50004852,55.7322200000,37.4561060000,27,210
157093,55.7971840000,37.4025970000,36,900
152748,55.5919540000,37.4579760000,21,449
311845,55.7618980000,35.7173720000,134,157
157857,55.7641110000,37.4942940000,34,378
3947,55.6579065640,37.4947387360,23,588
106584,55.6423040000,37.1000480000,18,539
131958,55.6877840000,37.2952570000,19,576
152219,55.5910420000,37.4472170000,21,480
125043,55.8728860000,36.9475480000,58,666
170602,55.6166330000,37.4100710000,18,368
145944,55.8177050000,37.0901220000,55,521
50002194,56.0030540000,35.6495520000,156,59
2132,55.6859340000,37.5648980000,29,352
200518,55.5570670000,37.3291940000,15,290
157963,55.8503510000,37.1784270000,55,355
50005675,55.5348360000,35.3704340000,130,95
130051,55.7440470000,36.8717620000,43,693
206109,55.9789560000,36.4497800000,100,518
310966,55.6699540000,37.2951480000,16,208
322541,55.6867310000,37.5389430000,27,0
110583,55.6701810000,37.2590930000,16,557
159056,55.7543900000,37.4118220000,33,529
169985,55.7013520000,37.3585890000,20,592
157384,55.6433330000,37.4115510000,16,284
204596,55.6479260000,37.4982240000,23,333
203466,55.6794110000,37.2547380000,18,427
131720,55.5581110000,36.9776480000,28,278
151393,55.8941260000,36.7059080000,87,848
311811,55.6469180000,37.5257870000,26,438
305898,55.5926240000,37.4611100000,21,213
3943,55.8344105210,37.1761855930,52,446
2999,55.5954473000,37.3424808650,13,1069
162455,55.2088710000,34.3191400000,207,448
5874,55.7935248990,37.3977639660,35,425
323826,55.6838280000,37.5320080000,28,0
127555,55.6461390000,37.5341820000,26,428
144802,55.6721990000,37.4923290000,23,529
161720,55.6741040000,37.2599370000,17,131
202637,55.6808690000,37.1803620000,22,749
310927,55.7004090000,37.3189590000,21,269
171793,55.8496710000,37.1769400000,55,293
105455,55.6464960000,37.4144560000,17,784
50000592,55.6606530000,37.3650380000,16,166
311039,55.6846050000,37.4075090000,20,360
124955,55.5315900000,35.6098290000,116,777
155442,55.6023830000,37.4128640000,18,524
303476,55.5884960000,37.1643090000,8,347
121327,55.6443100000,37.5267260000,25,600
203982,55.7513390000,37.4977140000,32,226
162508,55.9130270000,36.8236890000,82,361
308943,55.6477490000,37.4101590000,16,252
207005,55.7061500000,37.4013620000,24,292
304070,55.6323820000,37.3356360000,10,229
126732,55.6155490000,37.2631800000,7,709
129775,55.7147300000,37.0710300000,26,268
1931,55.6346972450,37.3432390670,13,411
171856,55.7147230000,37.5185640000,27,948
169277,55.7708410000,37.3769820000,32,269
155237,55.6851580000,37.4805250000,23,518
1872,55.5545107700,37.0718350330,19,999
164055,55.8575880000,37.1176910000,58,315
149409,55.9124830000,36.8603940000,67,220
50004470,56.0148460000,36.2242220000,118,261
597,55.6937071850,37.5529871490,29,473
140921,55.6050450000,37.3625490000,14,690
170564,55.5123610000,36.1035850000,81,491
133089,55.6566940000,37.2284350000,15,664
3803,55.6369318050,37.2212623640,16,492
317140,55.7568170000,37.2368660000,29,201
324377,55.5883890000,37.2266610000,2,0
166697,55.6435550000,37.3859570000,14,447
105622,55.7381490000,37.5290540000,31,392
213891,55.3884162970,36.7352201390,43,301
159679,55.6810460000,37.1926280000,21,1117
2822,55.5555610000,35.0084230000,155,418
204083,55.6648220000,37.2827790000,17,317
154293,55.7016530000,37.4988700000,24,421
206947,55.8045970000,37.0259680000,59,257
1849,55.7061292200,37.3277475770,21,744
4240,55.8052413230,37.4187711610,37,1167
310693,55.7345320000,37.3456880000,28,253
143999,55.9726050000,36.5394140000,99,489
308638,55.8003050000,37.3959910000,35,682
142995,55.5519860000,37.0813500000,15,527
161372,55.5577890000,36.3673790000,63,759
308169,55.6406240000,37.3430110000,13,426
305949,55.7370760000,37.5258630000,31,612
209165,56.0314680000,35.5125140000,160,493
160321,55.6307631100,37.5140642250,25,614
323076,55.6611250000,37.4542680000,21,0
123812,55.6751740000,37.4691390000,21,776
307430,55.5697130000,37.2831140000,13,291
203833,55.6116890000,37.2552910000,8,621
307563,55.6553930000,37.4702600000,23,347
50006748,55.7403550000,37.4977430000,30,0
210871,55.6236000000,37.3091720000,9,327
3732,55.7249424700,36.8737526560,44,1058
110045,55.6797400000,37.2793590000,17,453
306985,55.5779840000,36.6905740000,42,419
101474,55.2052750000,34.2751110000,209,530
3533,55.7467902250,37.4090128790,30,668
142224,55.6634890000,37.3012370000,15,514
2628,55.6801749750,37.2701885270,17,432
105733,55.3433010000,36.1861410000,85,895
146444,55.7935510000,37.4021170000,36,368
50003161,55.6717520000,37.5368770000,27,336
319146,55.6915310000,37.5381340000,26,75
50005305,56.1221840000,35.9642950000,146,89
124578,55.6147280000,36.9864410000,22,328
321525,55.6368665770,37.3260614330,11,10
308829,55.6958360000,37.4842540000,24,211
50001402,55.6851480000,37.3028480000,21,272
172502,55.6602500000,37.4827440000,23,385
160466,55.8200760000,37.2453690000,43,221
50000951,55.7895580000,37.4732300000,36,644
215705,55.8211940000,37.2471090000,43,204
214756,55.5918240000,37.4447080000,21,602
50004993,55.8115590000,37.3990020000,36,416
171986,55.5944380000,37.4596490000,21,350
305242,55.6588100000,37.2035750000,17,531
211051,55.7157550000,37.3896620000,26,683
216007,55.7001450000,37.4681990000,24,434
50004090,56.0439750000,35.9522040000,134,69
125305,55.7449040000,37.5097960000,31,265
203288,55.7928100000,37.0285100000,58,566
103644,55.7805930000,37.4791930000,36,797
129771,55.7522820000,37.1628300000,35,633
3773,55.6470106640,37.4798599330,21,381
320217,55.6534290980,37.2670500000,12,288
127148,55.4995860000,36.0604780000,83,351
561,55.6222544800,37.3026900340,8,531
50005617,56.0664940000,35.9321170000,137,49
160699,55.5975370000,37.0368620000,19,591
110488,55.8580030000,37.1215420000,58,561
106169,55.7038420000,37.5011240000,25,411
204645,55.3854950000,36.7188980000,44,123
306104,55.6407970000,37.3651370000,13,284
205497,55.6553820000,37.2300710000,15,330
319542,55.6857000000,37.5480500000,28,117
306577,55.6779050000,37.2349170000,18,292
131326,55.8104960000,37.1282420000,52,715
307633,55.6554930000,37.4846670000,23,463
206468,55.3650610000,36.4871190000,61,280
311757,55.5796730000,36.8854800000,31,239
305829,55.5510840000,37.0714950000,16,102
50005275,55.8097200000,37.4057300000,37,236
123571,56.0294840000,35.9546410000,132,270
153148,55.8418120000,37.1458040000,60,1120
162064,55.3827960000,36.7514000000,43,466
212962,55.6202700000,37.2670140000,7,488
207517,55.6940180000,37.3275240000,20,232
5453,55.6515620000,37.5171410000,25,1073
107830,55.8495390000,37.1985680000,52,611
142180,55.5538550000,36.9771420000,27,584
313610,55.8850440000,36.3177550000,116,267
101886,55.6377110000,37.5412770000,26,1056
153142,55.8406320000,37.1326740000,58,921
2365,55.7399800000,36.8627170000,43,384
209089,56.0870160000,36.5049770000,113,402
2920,56.0322649960,35.5077353560,160,809
50004320,55.6982620000,37.5536140000,29,199
213523,55.5908300000,37.3724350000,14,511
207474,55.6486070000,36.0370650000,96,418
50005797,55.6377180000,37.3150380000,12,339
173136,55.6533240000,37.4099180000,16,837
201071,55.7024480000,37.5108020000,24,934
157029,55.9151011550,36.7936021850,82,518
304920,55.7032760000,36.2057530000,83,274
106464,55.5898510000,37.3731040000,14,961
304888,55.8565930000,37.1739300000,52,104
50005431,56.0029240000,35.9255130000,135,139
215362,55.7071720000,37.4600980000,25,473
209843,55.8113610000,37.4115350000,37,367
205129,55.7941160000,37.3903130000,35,451
305721,55.5846450000,35.8690560000,101,317
205962,55.7677710000,37.2436630000,32,448
105790,55.6365670000,37.3486290000,12,515
209436,55.6633490000,37.4787380000,22,369
316266,55.6195982790,37.4162574110,18,294
216354,55.7242270000,36.8395130000,45,329
139897,55.6886820000,37.4629160000,22,656
135311,55.5312390000,37.0677760000,17,640
131037,55.6783880000,37.2678120000,17,543
203183,55.3792240000,36.6996290000,45,354
321546,55.6368700000,37.3234550000,11,431
202919,55.3904590000,36.6923000000,47,244
205536,55.6430430000,37.3432360000,13,312
167707,55.7435530000,37.4309740000,29,466
202479,55.8348100000,37.1791500000,52,352
126473,55.6208970000,37.2644230000,7,615
172860,55.6833560000,37.5643470000,29,365
166510,55.6415390000,37.0983720000,17,627
159461,55.5904600000,37.3785740000,15,592
132140,55.6448870000,37.5101880000,24,499
167934,55.4275440000,36.6607050000,50,487
205600,55.3773680000,36.5425400000,57,893
301761,55.6103510000,37.1996220000,7,902
123108,55.6600620000,37.2989860000,15,524
142024,55.6385510000,37.2203170000,15,674
157632,55.7246389360,37.1589283240,29,892
205590,55.6318840000,37.4870650000,23,264
135832,55.7063990000,37.0212110000,27,486
101907,56.0261160000,35.9545060000,132,603
50001464,55.5308570000,35.9441370000,94,142
138613,55.9594280000,36.2236530000,119,973
5964,55.5116757450,36.9737657950,22,1041
5354,55.6294606830,37.0042835790,25,758
311074,55.7229660000,37.4763350000,27,285
159484,55.4150010000,36.7250060000,46,678
5380,55.8646500000,37.1265470000,57,882
159828,55.7396950000,36.8664390000,43,394
310410,55.7375070000,37.4843610000,29,394
112102,55.7968590000,37.4859470000,37,574
208679,55.5909940000,37.3690180000,14,308
204696,55.5670290000,36.9956590000,30,700
50002519,55.6202290000,36.5074040000,59,186
206511,55.6676960000,37.4651640000,21,703
211190,55.6487340000,37.4069480000,16,326
150932,55.6006430000,37.3566570000,13,318
307111,55.6183900000,36.9814570000,27,204
158057,55.6359160000,37.2106980000,16,563
169294,55.6071970000,35.5727350000,125,317
908,55.6585670000,37.2290380000,17,594
113104,55.5915850000,37.0329620000,20,824
147677,55.8040660000,37.3980870000,35,911
305161,55.8490540000,37.1817370000,55,199
173039,55.8641510000,37.1850610000,53,256
135322,55.6301410000,36.3351280000,70,1161
156783,55.7541990000,37.5224130000,34,571
160666,55.5963300000,37.3424810000,13,568
169755,55.7055210000,37.4789880000,25,624
218121,55.6719100000,37.2846930000,16,285
205970,55.6140830000,37.3862250000,15,859
307022,55.7309380000,37.4417540000,28,528
50001952,55.3433180000,36.1928620000,84,177
211413,55.7456300000,37.3946110000,30,284
158569,55.7248850000,37.5289810000,28,710
160811,55.5931560000,37.0360480000,20,651
324770,55.7464560000,37.4073490000,30,0
209822,56.1285928160,35.8349880850,147,306
211247,55.9364340000,36.7034020000,92,200
139703,55.8111730000,37.0078590000,60,863
124818,55.7128890000,37.5134460000,27,186
140112,55.4779190000,37.0227800000,27,642
304752,55.7470280000,37.4069630000,30,116
50003570,55.7624900000,37.5162600000,36,284
157605,55.6801840000,37.5244530000,25,416
125185,55.5966760000,36.6930170000,43,808
133808,55.7391190000,37.4927450000,30,879
1665,55.7357450000,37.4326430000,28,335
320527,55.5061740000,37.2727720000,21,0
128333,55.5486000000,37.3297930000,17,605
1950,55.5480273900,37.0711254490,15,510
103180,55.6310930000,37.5155430000,25,1150
152460,55.6807630000,37.5334990000,28,286
210681,55.6521400000,37.5230680000,25,805
147643,55.4634980000,36.9402950000,28,1306
142988,55.6254960000,37.3038300000,8,620
215268,55.5925830000,37.4626400000,21,158
307929,55.7124970000,37.4033780000,25,321
2885,55.5954680300,37.0437917720,19,556
207577,55.4102390000,36.7160230000,45,506
306381,55.6841730000,37.3116510000,21,196
5376,55.7296774900,37.4219890220,27,577
209905,55.5542870000,36.9724020000,27,475
321314,55.5892290000,37.1674000000,8,0
215762,55.7222500000,37.5123370000,28,365
124783,55.7030010000,36.8634690000,42,385
200559,55.7377890000,37.4108020000,27,708
143699,55.9054270000,36.8581550000,67,354
172271,55.7513450000,37.5266700000,34,518
50004329,55.6800420000,37.1516790000,22,155
106980,55.3868900000,36.7279380000,43,875
103699,55.7052390000,37.0263810000,27,530
319185,55.4331590000,35.0546610000,157,345
50005132,55.6391100000,36.9715130000,28,150
110037,55.6665690000,37.5069180000,24,613
303117,55.8643380000,35.8775810000,114,351
50005306,55.5901290000,37.3760600000,16,154
320671,55.6126650000,37.2521560000,8,0
312361,55.7165497640,37.4283196440,24,186
205243,55.7355730000,37.4680320000,28,418
208404,55.6135550000,37.3048780000,9,407
140594,55.7045490000,37.3212790000,21,445
5734,55.6456952090,37.5181026610,25,793
114037,55.6783790000,37.1883840000,21,708
161433,55.7100900000,36.6852470000,56,980
157902,55.6674460000,37.5171230000,25,618
141854,55.5154870000,36.9708390000,22,601
306708,55.7715800000,37.2365610000,45,117
158183,55.6049580000,37.3532550000,13,285
170376,55.6707330000,36.5237290000,67,447
202872,55.9266510000,35.9067170000,144,183
104691,55.8377000000,37.1829390000,52,515
837,55.6541126510,37.4053611150,16,506
306252,55.7047070000,36.2083670000,83,101
143375,55.6608000000,37.0930460000,19,395
170323,55.6171260000,37.4088130000,18,493
127198,55.5637950000,37.0929640000,17,415
309467,55.8399620000,37.1759430000,52,70
135583,55.6520860000,37.4245160000,18,389
158596,55.3765400000,36.7270560000,44,377
6108,55.6987160000,37.5624430000,30,658
50002933,55.5889740000,37.1660970000,8,437
146281,55.7438060000,37.4071510000,28,230
133276,55.7326880000,37.4176000000,27,502
203346,55.6390950000,37.3574740000,12,768
304873,55.5440100000,37.0728340000,15,184
157375,55.6188830000,37.4144090000,18,445
207505,55.7563810000,37.5089750000,33,687
308486,55.6818030000,37.2956520000,18,183
213929,55.7435970000,37.4219540000,28,353
3068,55.6323342910,37.5245777450,25,698
308800,55.7192360000,37.4432920000,27,144
206590,55.7068590000,37.3979320000,23,308
129312,55.6164210000,37.4166630000,18,665
134636,55.7276500000,36.8611570000,43,355
131047,55.6604730000,37.2170730000,17,451
172675,55.3724000000,35.8978400000,101,512
204812,55.6642480000,37.5175900000,25,507
209221,55.5148300000,37.2262030000,18,471
158300,55.7265190000,37.3274740000,30,346
172057,55.8515760000,36.5119390000,96,389
101857,55.5781910000,36.6998960000,41,572
212547,56.0779140000,35.9259040000,138,232
109849,55.6421730000,37.5417110000,26,937
50006377,55.7065430000,37.3783130000,21,63
209248,55.8561390000,37.1844710000,53,300
143032,55.7872550000,37.2989490000,41,719
5090,55.6231020000,37.3122300000,9,497
209270,55.6768340000,37.4448260000,20,311
207513,55.7034490000,37.3260600000,21,204
139520,55.6330870000,37.4128700000,16,439
589,55.6782929610,37.5279262660,26,329
218538,55.6895640290,37.3506362710,19,395
115073,55.6616720000,37.4720060000,21,729
305940,55.2294090000,34.2602900000,206,155
320262,55.7196320000,37.3877290000,26,0
203988,55.6493170000,37.4690460000,24,253
319552,55.7499549710,37.5027298890,31,184
148217,55.7415170000,37.4804410000,30,234
163339,55.8081890000,37.3256740000,37,285
309106,55.4657920000,36.9357690000,28,469
204526,55.8084530000,37.4118180000,37,568
5628,55.7086919510,37.4006703640,24,688
129566,55.3248650000,36.7566180000,47,774
201426,55.6629280000,37.5345770000,27,625
215291,55.6709650000,37.2823660000,16,479
212459,55.7492480000,37.4160300000,30,403
323169,55.6294871080,37.3402935710,11,0
105892,55.7421780000,36.8512250000,45,1017
155426,55.7023790000,37.5038720000,25,665
2607,55.6483351540,37.5001766560,23,514
5988,55.7333697360,37.4717348130,28,648
1418,55.6842000520,37.5382111360,27,291
211679,55.6684690000,37.5345640000,26,449
212303,55.5422900000,36.3815920000,61,462
106680,55.9950330000,36.4800150000,102,494
306385,55.6612930000,37.5132330000,25,178
112239,55.6014120000,37.0442790000,19,691
173161,55.6087670000,36.6004270000,50,559
209961,55.5597160000,34.9851180000,156,270
146910,55.7743690000,37.4733730000,34,625
309749,55.7232930000,37.2773000000,23,562
109169,55.6384370000,37.3378360000,13,294
150989,55.5059770000,36.0204090000,86,411
206184,55.6020120000,37.3542850000,13,486
315228,55.6593175610,37.4913590580,23,226
104817,55.6719980000,37.4505620000,20,1167
145933,55.6385670000,37.3308030000,11,779
154968,55.7577320000,36.1447220000,90,202
107927,55.6190590000,37.4079070000,18,437
128896,55.6434640000,37.3375240000,13,610
202752,55.4490650000,35.5133970000,119,237
324817,55.8170010000,37.2068990000,45,0
203376,55.7190090000,37.4150020000,26,841
309176,55.7248700000,37.3277130000,25,124
308992,56.0193440000,35.9395190000,133,177
50006080,55.6854640000,37.2671200000,18,159
208652,55.6328850000,37.5199540000,27,398
211732,55.8174710000,37.2493850000,44,327
202642,55.7331640000,37.5381810000,31,528
111429,55.6222920000,37.3067270000,9,318
206216,55.6928510000,37.5627660000,29,380
155435,55.6705690000,37.4713000000,22,216
50000581,55.3170970000,36.2388200000,80,266
5520,55.5746120000,36.6958530000,41,512
209547,55.6851830000,37.4613820000,21,603
305072,55.7416270000,37.4959940000,30,172
157256,55.7522568540,37.5068727690,32,638
164051,55.7041030000,37.0231300000,27,585
163115,55.6745190000,37.2651790000,17,453
157690,55.6645880000,37.2844590000,17,516
149434,55.7388400000,36.9823020000,35,393
105570,55.7141330000,37.0684230000,26,600
154040,55.7726240000,37.2167430000,32,763
212498,55.4870190000,36.5125360000,64,281
318897,55.5369307660,37.1600489660,13,287
2071,55.6586482280,37.1993228480,17,596
214229,55.4173073880,36.8104030480,37,366
155443,55.3796500000,36.7344940000,44,324
2626,55.2157650000,34.3145570000,206,549
211713,55.6535100000,37.4719380000,23,302
203333,55.6856250000,37.1935320000,22,591
202498,55.6569340000,37.4069890000,16,199
140606,55.7879080000,37.2980690000,41,419
50001595,55.7095210000,37.4746750000,26,249
107992,55.6516590000,37.3435100000,14,749
202453,55.6969760000,37.3367050000,20,691
143655,55.7148820000,37.4327590000,25,490
120005,55.6857900000,37.4843500000,23,369
169448,56.0011780000,36.4752150000,102,433
214634,56.4437750000,35.6126100000,193,240
166062,55.7074510000,37.3215770000,22,590
50003531,55.6058240000,37.3600000000,13,254
2024,55.7012037610,36.1955626030,83,493
134225,55.5976690000,36.4676870000,58,384
213780,55.8896390000,37.1829850000,56,864
171909,55.4974220000,36.0574710000,83,156
213593,55.8602920000,37.1208310000,58,154
216544,55.6935460000,37.4555790000,22,457
159751,55.7178890000,37.5129110000,27,349
105450,55.6818420000,37.2904470000,18,851
212248,55.2146910000,34.3044690000,206,305
214622,55.4667860000,36.3538730000,70,500
106782,55.3844730000,36.7393700000,43,290
203385,55.6852700000,37.3085980000,21,844
105021,55.5937540000,37.4577810000,21,422
140506,55.6596120000,37.2132250000,17,613
206471,55.6686200000,37.2906480000,16,543
171065,55.6392230000,37.5129050000,24,514
50004559,55.5933920000,37.4296590000,21,57
210664,55.5350650000,37.0595480000,16,286
305868,55.8441060000,37.1563230000,54,85
140120,55.8629360000,37.0454190000,70,388
214254,55.7381000000,37.4894730000,29,389
160964,55.6805340000,37.2817690000,17,429
317692,55.6861570000,37.4076450000,21,107
309991,55.8330710000,34.8632570000,190,71
203450,55.6618410000,37.5160090000,25,491
1761,55.7998856690,37.4076186360,36,334
3949,55.7197730000,37.4004640000,25,912
146294,55.5989730000,37.3586890000,13,1045
110480,55.8628310000,37.0486280000,71,437
161074,55.7910610000,37.4884930000,36,463
1860,55.7213970000,37.4233840000,26,512
134105,55.7047660000,36.1931240000,83,856
50000826,55.5915380000,37.4557140000,21,194
122015,55.6141490000,36.6182230000,50,402
164087,55.6778640000,37.2549080000,17,525
211299,55.6699220000,37.4522730000,19,302
113270,55.7483820000,37.1601300000,35,1025
210084,55.8520950000,37.2002790000,52,511
137174,55.6403480000,37.0162040000,25,983
216455,55.9847030000,36.0251110000,130,470
145384,55.5984800000,37.3520660000,12,854
544,55.5407070000,37.0822150000,14,782
309771,55.7709020000,37.3780990000,32,176
145935,55.6418010000,37.5018270000,23,611
50006561,55.7152000000,37.4078970000,25,10
162207,55.6778810000,37.2812260000,17,493
1926,55.6454060000,37.3425040000,13,498
126017,55.2191220000,34.3057270000,206,736
205170,55.3254650000,36.7841840000,49,309
217696,55.7071230000,36.1831080000,84,243
140908,55.5407470000,35.0038130000,153,216
204408,55.6965800000,37.5615530000,29,296
201220,55.7026730000,37.0258790000,27,495
117372,55.7255680000,37.4684120000,28,870
202681,55.9082180000,36.4428930000,109,217
112464,55.7058080000,37.5815490000,31,512
171873,55.5276320000,37.0293640000,18,575
210707,55.7503526090,37.4148678930,31,404
303475,55.5945960000,37.0515170000,20,151
122585,55.6253000000,37.5082750000,26,517
129685,55.6566670000,37.5170860000,25,449
157978,55.7211070000,37.4525320000,27,17
50004757,55.6429410000,37.0533760000,26,151
126451,55.4056300000,36.7204040000,44,597
162350,55.6026710000,37.0294780000,20,762
583,55.6420732150,37.5227720370,25,461
50005828,55.5454160000,37.1547510000,12,133
306737,55.8334610000,34.8588820000,190,472
315017,55.7179561880,37.4965625790,26,91
126010,55.7393580000,37.5003910000,30,824
5828,56.0350439610,35.9590470630,132,405
204378,55.3769990000,36.7366580000,45,350
108997,55.4121530000,36.7211000000,45,0
209225,55.7511680000,37.4046900000,33,436
155445,55.7009180000,37.3241900000,21,314
171002,56.0817030000,36.5162380000,112,463
101882,55.7129730000,37.3980220000,25,544
50005804,55.6780580000,37.2368620000,18,112
159326,55.7008840000,36.1931960000,83,155
207446,55.7189480000,37.4602140000,26,431
309414,55.7937580000,37.4849890000,36,85
105643,55.6762280000,37.2488390000,17,700
50003820,55.7680460000,37.4996590000,34,243
3415,55.5066526360,36.0164135930,87,365
138891,55.6625170000,37.4240930000,19,688
309589,55.7370150000,37.4351870000,29,273
141117,55.6634090000,37.5141970000,25,438
202942,55.6769496380,37.5343329570,26,494
170441,55.8308110000,36.9990910000,61,749
211775,55.6120900000,37.2870190000,8,284
161086,55.6817220000,37.2967390000,18,651
311146,55.6424380000,37.5104570000,24,146
308002,55.5251550000,37.2210870000,16,494
5512,55.5457771450,37.0851579830,14,652
159224,55.8103930000,37.0801640000,56,242
305847,56.1273720000,36.6473560000,125,219
305382,55.7964760000,37.3921490000,35,534
308603,55.7053650000,37.2165450000,26,80
170374,55.8068240000,37.4060600000,37,860
122382,55.7233070000,37.3994740000,26,329
50003261,55.6083330000,36.8267400000,36,167
206310,55.8076730000,37.3916810000,35,271
144798,55.9054010000,36.8559540000,68,238
151114,55.5988887690,36.4679915270,58,392
204928,55.7232920000,37.3780390000,26,86
203822,55.7418850000,37.4203250000,28,483
203875,55.6565800000,37.4047970000,16,367
109057,56.2183820000,35.6588920000,165,776
105281,55.6546290000,37.2724400000,13,869
305894,55.7582300000,37.4057590000,34,219
2471,55.6892860010,37.5323972220,28,196
215607,55.6039170000,37.3706430000,14,911
152756,55.8510740000,37.1978720000,52,477
203449,55.6443441630,37.4977074920,23,305
316078,55.8161920130,37.2019057050,49,92
142226,55.6803650000,37.2461830000,18,577
104077,55.8394720000,37.1748850000,52,602
3562,55.7284989880,37.4112423440,26,930
208115,55.7221070000,37.4084090000,25,404
2180,55.6881729080,37.3094408830,21,784
5351,55.7423470000,37.3977550000,29,608
301560,55.7027810000,37.4896140000,25,400
157075,55.6980900000,37.4951360000,24,698
306312,55.5122960000,36.6937900000,47,266
2254,55.7364830000,37.4873260000,29,625
306676,55.5694020000,37.2864900000,13,263
307839,55.6872600000,37.5644680000,29,261
309910,55.7227660000,36.8656730000,40,309
146389,55.8872520000,37.0326250000,67,450
101242,55.7116390000,37.4888680000,26,1262
169716,55.9176500000,35.9080730000,146,399
165965,55.3820550000,36.7204310000,44,555
150644,55.9022830000,36.8074610000,80,288
105077,55.5995800000,36.4703220000,58,404
126471,55.3434390000,36.1817850000,85,797
163881,55.7658670000,37.4104090000,35,546
305108,55.6062670000,37.4746270000,23,387
214070,55.3542720000,36.4061850000,67,362
3510,55.6813558350,37.4549133540,21,360
3944,55.6636740000,37.3023890000,15,456
206682,55.7339130000,37.4755490000,29,301
107118,55.7400020000,36.8560270000,44,415
101748,55.1816200000,34.3354510000,208,593
308621,55.6412540000,37.5330860000,26,268
150212,55.8983990000,36.8624870000,84,514
162470,55.6399560000,37.3540280000,12,697
164067,55.6436790000,37.3480640000,13,573
320974,55.6623440000,37.5206350000,26,53
145680,55.6430100000,37.3894690000,15,365
210516,55.5735710000,37.2668970000,10,245
158003,55.8955860000,35.5037510000,176,781
209186,55.5577140000,36.6904210000,43,564
215767,55.6122340000,37.3060480000,9,246
158871,55.8037220000,37.4136010000,37,320
134603,55.5591670000,34.9931200000,156,596
313035,55.7224576890,37.4588486550,27,526
308363,55.5917690000,37.4465610000,21,155
140855,55.2125870000,34.3134060000,206,369
50005350,55.6778240000,37.4899800000,23,314
309496,55.3822570000,36.5451460000,56,157
203810,55.8560680000,37.1258880000,58,486
209941,55.7696000000,37.4894640000,34,339
317001,55.9420503670,36.7757821180,86,251
1700,55.5785260330,36.6924165690,42,293
2149,55.6811129080,37.5366237470,27,498
208839,55.6396640000,37.3979160000,15,393
5845,55.6159950000,36.9821220000,28,346
3322,55.2064830000,34.2971020000,208,760
204038,55.8396130000,37.1831830000,53,616
107490,55.7958490000,37.4048750000,36,579
148643,55.7323790000,37.4691650000,28,749
111617,55.6089460000,37.2988470000,8,921
207004,56.2267390000,35.6409550000,166,656
144233,55.5218730000,37.2202390000,17,165
123417,55.6338050000,37.4169520000,17,337
161002,55.6904930000,37.5478710000,28,448
306429,55.6791640000,37.2909720000,18,355
102793,55.6942160000,37.4895210000,24,968
143517,55.5421820000,37.1537630000,12,731
305360,55.7020840000,37.3646970000,20,166
145428,55.8120040000,37.3963310000,36,645
164053,55.7191610000,37.4446380000,27,326
172474,55.7328440000,37.4757640000,29,321
166659,55.4009290000,36.7288540000,44,475
209216,55.5785820000,37.1325090000,9,595
146338,55.7028650000,36.1916140000,83,514
126846,54.7817690000,34.3211010000,255,625
558,55.7432399300,36.8789794910,43,982
203604,55.8761690000,37.1233900000,56,775
162135,55.6886360000,37.5403700000,28,549
101331,55.6717230000,37.5054560000,23,782
202900,55.7208240000,37.4260070000,26,330
204129,55.2004360000,34.3145820000,208,211
306831,55.5102390000,37.0067030000,24,271
6065,55.5662910110,36.9922141690,30,725
126167,55.6604880000,37.5112670000,24,393
107492,55.6512490000,37.4696000000,24,316
312210,55.6972500000,37.4767520000,23,304
141118,55.5501580000,37.0807860000,15,527
207097,55.6294280000,37.2086620000,17,526
124646,55.1349270000,34.3067840000,215,669
309917,55.7641460000,35.9744010000,103,202
133398,55.2041020000,34.2981460000,208,558
311207,55.6521120000,37.1238290000,21,164
168186,55.6403220000,37.3969420000,15,439
321848,55.6833110000,37.5272270000,25,53
50004667,56.0266490000,35.9475860000,132,79
203739,55.7165190000,37.4527670000,25,639
305970,55.7284080000,37.4250360000,27,164
216819,55.6340569620,37.4530974060,19,608
204190,55.4475940000,36.6021590000,55,556
154364,55.7053460000,37.3243740000,21,684
3644,55.6718740000,37.5410360000,28,899
324381,55.5883890000,37.2266610000,2,0
205661,55.7063650000,37.4774620000,26,308
3617,55.7252180000,37.4189540000,26,453
101836,55.3871780000,36.7182840000,45,540
168723,55.6524560000,37.3987430000,16,264
131820,55.7109250000,37.5090080000,26,644
209044,55.6505610000,36.7376820000,46,622
306578,56.0512350000,35.9419000000,135,636
208752,55.5091410000,36.0285690000,84,191
171227,55.8417860000,37.1931630000,51,359
148636,55.6776280000,37.4971810000,24,623
136940,55.8134370000,37.0880420000,55,1257
131735,55.6195170000,37.5007760000,24,685
137168,55.6334470000,37.4321330000,20,284
2168,55.9126133410,36.8584052510,67,391
2210,55.8093430000,37.3265270000,38,601
103456,56.0349000000,35.5188010000,159,649
150875,55.6932250000,37.5037730000,24,873
213296,55.5564370000,37.0713230000,19,350
310406,55.6819960000,37.5424100000,27,163
204250,55.6388303090,37.2197127610,15,475
306482,55.7706590000,37.3752340000,32,77
201108,55.2039070000,34.3092810000,207,266
159458,55.5362420000,37.1531430000,12,507
319664,55.8066310000,37.3242280000,38,378
307585,55.7717930000,37.2356270000,45,206
103390,55.7188750000,37.4248070000,24,775
107441,55.7576960000,37.5182270000,34,538
145795,55.6378940000,37.3220160000,12,625
216340,55.5915490000,37.4251170000,21,527
121720,55.6403560000,37.5331050000,26,259
151271,55.6898370000,37.4929850000,23,427
308976,55.8601910000,37.0422730000,70,314
6037,55.8526120000,37.1906660000,52,587
139565,55.7256130000,37.3537140000,27,538
204965,55.6580480000,37.1972060000,18,514
169007,55.7392042120,37.5248805920,32,494
142989,55.5119100000,36.0400430000,84,413
50002383,55.7136850000,37.3808570000,25,175
103585,55.6834320000,37.3095470000,21,496
161555,55.5922220000,37.0504410000,20,628
212204,55.7262340000,37.4581790000,27,300
131046,55.7299240000,37.4508450000,27,405
212092,55.7246720000,37.3580040000,27,401
209141,55.2065140000,34.2951620000,207,329
50001202,55.7457320000,37.1685400000,34,169
5034,55.5807380000,36.4849660000,55,683
212923,55.5940260000,37.3686760000,14,347
305665,55.5868320000,37.1236070000,11,227
105088,55.7354140000,37.4043660000,28,431
1732,56.0313772060,35.9525234250,132,902
5366,55.4983918900,36.0328474760,84,791
206597,55.6369990000,37.3304640000,11,798
129737,55.7244780000,37.2825400000,23,480
108964,55.7983300000,37.4910050000,37,958
5800,55.7008820000,37.3220090000,21,467
131055,55.6878270000,37.3013900000,21,653
106531,55.6569640000,37.2331740000,15,472
306816,55.6509270000,37.4038360000,16,179
50006650,55.7604130000,37.4065310000,34,0
172792,55.9200230000,36.6064620000,88,453
323168,55.6294871080,37.3402935710,11,0
104766,55.9061010000,36.8610710000,67,705
204087,55.8088620000,37.3274260000,37,285
50005395,55.6993260000,37.4642170000,24,58
5446,55.7139478530,36.8287503180,47,733
310885,55.6322990000,37.4166780000,17,617
106204,55.6642620000,37.5446570000,27,583
50005359,55.6767320000,37.5390650000,27,125
110838,55.6568590000,37.1972960000,18,604
205126,55.7353070000,37.4085250000,26,434
158514,56.0314430000,35.5074610000,160,629
304203,55.5674940000,37.2862200000,13,218
205723,55.6419393650,37.5005634720,23,409
307292,55.6172520000,37.4073500000,19,193
319031,55.6221380000,37.5056840000,24,212
172564,55.6664210000,37.5450000000,28,364
314317,55.6622929880,37.4183433390,19,332
50001533,55.7373600000,37.4257820000,28,277
133010,55.8810760000,36.8014160000,78,753
102403,55.6932780000,37.4703260000,23,325
161863,55.6746510000,37.4965060000,23,593
214212,55.1843510000,34.3398620000,207,347
310426,55.6002470000,37.4134660000,18,160
201183,55.7042692460,36.1997729880,83,417
306501,55.7730890000,37.2322760000,45,298
127540,55.7635080000,37.4084110000,34,317
172025,55.5995600000,36.4571200000,58,710
309315,55.5932730000,37.4257100000,21,250
1127,55.6718670440,37.2682811710,17,607
130299,55.5170490000,36.9831420000,21,485
208857,55.8148240000,37.2456820000,42,467
304547,55.7353620000,37.4123170000,27,394
208960,55.7699800000,37.2463620000,45,565
159526,55.5891930000,37.4534410000,23,577
313620,55.5552299480,34.9807917000,156,83
313030,55.5881790000,36.8925540000,30,380
136641,55.7348260000,37.4546200000,28,712
207917,56.1055410000,35.9170790000,141,276
308135,55.6528160000,37.4076810000,17,184
202423,55.7668303860,37.4869828390,35,365
3056,55.6774360280,37.4477156700,20,471
214648,55.7426540000,36.8672370000,44,262
531,55.5586640000,34.9850950000,156,394
320270,55.6643550000,37.4265010000,20,0
213661,55.6039560000,36.4679900000,58,323
308867,55.7453770000,37.4948620000,31,496
200261,55.6933890000,37.5742740000,31,465
208626,55.7272830000,37.3402440000,30,656
156935,55.4929340000,36.0340350000,84,711
113815,55.6387250000,37.3080970000,12,740
203085,55.1960610000,34.2770480000,209,290
304163,55.7056710000,37.5072140000,25,399
50006535,55.5619960000,36.7019820000,43,9
171330,55.2100480000,34.2872660000,208,197
50005918,55.5869440000,37.1249090000,11,65
150270,55.8882460000,36.4239830000,112,380
5602,55.6921872560,37.4909204230,23,453
162659,55.8560480000,36.9313490000,56,605
145496,55.7258940000,37.5263570000,29,641
126290,55.6109800000,37.2872490000,7,293
213735,55.8636460000,37.1284760000,57,165
123329,55.7696900000,37.4074320000,34,746
161048,55.8373040000,37.1482370000,59,397
307181,55.6925870000,37.4948890000,23,433
124048,55.6189280000,36.9858840000,27,403
201256,55.6434363050,37.0545295080,26,435
5012,55.6775775190,37.2856931810,17,874
165023,55.3928730000,36.7656470000,41,302
206392,55.6810630000,37.4531030000,21,588
153918,55.7429130000,37.4034680000,28,447
158381,55.6918460000,37.5400880000,28,375
150556,55.6367780000,37.3543880000,12,323
128193,55.9123680000,36.8649840000,66,340
158286,55.6604916590,37.4670169480,21,668
163544,55.8589230000,36.7940780000,75,419
306043,55.6035410000,37.3559310000,13,103
206397,55.2700790000,36.8234000000,56,192
208794,55.5540940000,35.0024780000,155,195
317058,55.7348085230,37.5195605390,31,188
161839,55.6468380000,37.3446640000,13,460
320779,55.6683860000,37.4400650000,19,0
162054,55.6441040000,37.4734240000,21,734
323077,55.6688640000,37.4386910000,19,0
149011,55.6172300000,37.4894370000,24,199
305188,55.7178880000,37.4296270000,26,258
200041,55.5569030000,37.3144410000,14,691
3209,55.3747180000,36.7258420000,44,387
50006526,55.5330120000,37.0630510000,17,8
110497,55.6349830000,37.2159510000,16,552
309169,55.6310710000,37.5194710000,27,429
937,55.7730080000,37.4646520000,34,326
123533,55.6363060000,37.5211290000,26,441
306190,55.6262130000,37.3113010000,9,274
131307,55.6044850000,37.3568430000,13,1011
306030,55.4848980000,36.9160600000,29,969
213665,55.6237900000,37.3024100000,8,358
320554,55.5900380000,37.3744610000,14,45
171913,55.7101470000,35.5515330000,128,546
307394,55.5889610000,37.4437380000,21,335
311586,55.5598780000,37.2371180000,9,225
138887,55.6139710000,36.9901110000,22,397
161387,55.7452960000,36.8805230000,43,531
304618,55.6558956030,37.2734535070,13,372
311346,55.6923610000,37.2121170000,24,268
160172,55.6737170000,37.2543210000,16,591
206013,55.5485720000,37.3108610000,18,755
113375,55.7050740000,37.3664680000,20,402
314265,55.7784560000,37.4776180000,36,342
5588,55.8153600000,37.0883900000,55,779
152471,55.8620647930,37.1210956760,58,511
50001132,55.6369900000,37.2603390000,8,271
3147,55.8655653390,37.1149832380,58,1173
322436,55.5950730000,37.4287020000,21,0
50004517,55.6119630000,36.6173880000,49,441
308628,55.6452890000,37.3917500000,15,303
127417,55.7119110000,37.4041170000,25,422
50005515,55.7094340000,37.5029830000,26,63
166786,55.6815040000,37.5160810000,24,310
156209,55.6000590000,36.6913830000,43,597
204532,55.6339480000,37.4715880000,21,470
141725,55.7717000000,37.4943290000,35,408
320384,55.6994460000,37.5527230000,29,15
5356,55.6066540000,37.3516110000,13,511
164444,55.7448440000,36.8762590000,43,396
203116,55.6706760000,37.4768420000,21,271
171853,55.5274800000,35.9720300000,91,192
204604,55.6811630000,37.5449710000,28,202
324595,55.6753210000,37.2793570000,17,0
318959,55.8470032730,37.1901414970,55,17
164200,55.6356090000,37.4362450000,20,426
305782,55.7340980000,37.4686680000,28,609
308419,56.0063410000,36.5973920000,104,250
50006549,55.6120140000,37.2531620000,8,4
124032,55.6208140000,37.4678760000,21,276
213667,55.6415500000,37.3566510000,12,525
320759,55.7519924300,36.8713843370,44,184
138886,55.6027520000,37.1668760000,11,1839
149818,55.5215370000,37.2203580000,17,172
150935,55.6284680000,37.4757300000,22,345
128595,55.8660260000,35.8782810000,113,414
50002966,55.6072140000,37.4130170000,18,229
143687,55.6753460000,37.5413950000,27,415
212034,55.8643690000,37.1212980000,57,261
310861,55.7241450000,37.4252250000,26,294
151927,55.8569460000,37.0426570000,71,718
308114,55.7977010000,37.4829150000,36,211
218034,55.5461840000,35.0162550000,155,339
206512,55.7189070000,37.4349900000,26,598
2832,55.7069736080,37.5718435910,30,16
216554,55.6519780000,37.4860050000,23,538
110614,55.6349210000,37.3201240000,12,937
150239,55.7010150000,36.8711380000,42,338
207572,55.6006080000,37.1741100000,7,640
204282,56.0283900000,35.7457800000,145,368
130962,55.7032730000,36.8763410000,41,344
306275,55.7200250000,37.4270020000,25,136
159587,55.6222140000,37.1340720000,14,197
141620,55.6128760000,37.4113640000,19,423
2874,55.7301000000,36.8560000000,43,582
202933,56.2351580000,35.6439130000,167,465
50005381,55.6993340000,37.4689790000,24,120
50001814,55.6498900000,37.3685360000,14,188
2307,55.6498833670,37.4081357700,16,368
50000575,55.6524150000,34.9422640000,167,174
172178,55.6329350000,37.1277340000,17,526
1840,55.3867613000,36.7479283210,42,559
1867,55.6337087190,37.4852995050,23,581
324380,55.5883890000,37.2266610000,2,0
3584,55.6495897200,37.5294034740,26,714
1394,55.7161050000,37.4066890000,25,630
209886,55.5436440000,37.0809640000,14,387
140533,55.9600900000,36.5690440000,96,927
314105,55.6964580000,37.5704920000,30,114
209437,55.7121220000,37.4990670000,27,132
136804,55.6599110000,37.2368050000,15,677
144928,55.6437610000,37.4808620000,22,578
167414,55.0814959110,35.0084720780,201,685
205593,55.6281100000,37.0251310000,24,570
150970,55.6393190000,36.9726540000,28,657
172014,55.6447040000,37.3858700000,14,472
210355,55.6560840000,37.2302990000,15,312
144973,55.5062880000,36.0145410000,87,483
161803,55.6837680000,37.2666070000,18,654
211489,55.7121850000,37.3942260000,24,414
3613,55.6538258680,37.3858865430,15,714
203485,55.6048590000,37.4129830000,18,454
211034,55.7757370000,37.4639370000,39,518
303237,55.6891200000,37.4716000000,22,242
159663,55.6850370000,37.2814120000,18,275
50003272,55.6738640000,37.5144550000,26,328
200498,55.7435400000,37.4184080000,28,666
5836,55.7240098430,37.4044927120,26,555
144596,55.6332380000,37.4154550000,17,323
2080,55.6823108820,37.2516028540,18,705
101095,55.6615650000,37.5100300000,24,450
210091,55.8084470000,37.3287910000,37,159
50001449,55.7676410000,37.4078510000,35,166
161302,55.7025480000,37.3265070000,21,475
110999,55.6949420000,37.3246540000,21,169
140505,55.6223590000,36.9835010000,27,626
50003819,55.6389780000,37.3794380000,14,134
50003506,55.7700260000,37.2532250000,31,106
172879,55.7100830000,37.3923200000,23,495
146504,56.1710410000,36.1305830000,139,860
163621,55.5397580000,36.0114290000,91,589
203603,55.6553780000,37.4936090000,23,458
309300,55.7167220000,37.3892120000,26,176
105055,55.6983160000,37.4570710000,23,735
105462,55.3808450000,36.7351610000,45,422
102134,55.5930900000,37.3668790000,14,598
155419,55.6515420000,37.4017970000,16,651
151920,55.6782420000,37.5484780000,28,295
312776,55.7923610000,36.0942270000,96,283
153975,55.6255070000,37.4840040000,23,674
212988,55.6490400000,37.5353930000,26,360
122999,55.6373160000,37.3258660000,11,573
157976,55.6376720000,37.5291600000,25,611
154112,55.7370300000,37.4310550000,28,675
301146,55.6573470000,37.4261680000,18,641
105432,55.7473780000,37.4215170000,30,641
147953,55.6352000000,37.5295810000,25,418
308974,55.4394890000,35.7514360000,106,410
212790,55.7710740000,37.4813430000,33,440
307112,55.4969750000,36.0335190000,84,313
207034,55.8118200000,37.2457030000,42,198
108108,55.6755770000,37.5319210000,26,629
130009,56.2280910000,35.6431070000,166,331
50004974,55.6372560000,37.4263840000,21,206
320193,55.8059130000,37.3220180000,37,436
103702,55.7088060000,37.3790880000,21,680
159727,55.6354350000,37.3215800000,12,838
314465,55.6918570000,37.4671020000,22,452
217936,55.5334180000,37.0650080000,16,656
155437,55.9133210000,36.8586640000,67,422
129993,55.5587290000,36.7007490000,43,836
50004560,55.6793360000,37.5614730000,29,277
206765,55.7682940000,37.2388970000,32,620
203133,55.7230570000,36.8714640000,44,236
112153,55.7766460000,37.2408780000,44,1144
142610,55.6619240000,37.1843990000,18,750
205055,55.7566190000,37.4174460000,31,562
214507,55.5421210000,37.0797870000,14,510
144107,56.0316990000,35.9445050000,133,241
319666,55.7640650000,37.4873800000,34,883
151070,55.7406390000,37.4329570000,28,457
208633,55.6592720000,37.2298950000,16,364
307804,55.6361480000,37.3584220000,12,346
300958,55.6039190000,37.4150290000,18,361
131052,55.6953030000,37.3217790000,21,769
2945,55.7245000000,37.4553000000,27,717
3604,55.6838346460,37.2984020670,18,657
169254,55.4217670000,36.0569830000,89,709
50003046,55.4666330000,36.6885690000,52,171
139592,55.5981070000,37.3467700000,12,458
144045,55.3813320000,36.7140380000,44,477
310431,55.6411910000,37.3589260000,12,469
2337,55.7710417170,37.4768288270,33,604
206215,55.8016170000,37.4061630000,36,425
311856,55.6729620000,37.5028250000,23,458
107886,55.7259660000,37.4305480000,26,684
316301,55.6610390000,37.4735360000,21,349
128345,55.6613940000,37.4142210000,20,601
205435,55.8212660000,37.2491670000,44,324
207863,55.7013330000,37.3617050000,20,759
167079,55.7550740000,36.9347280000,46,408
156943,55.6193940000,36.9779440000,27,358
206010,55.8076120000,37.4140960000,37,357
311156,55.6768340000,37.5527410000,28,437
163119,55.7312790000,37.0574820000,30,204
111822,55.7162020000,37.3722140000,27,663
172274,55.8538040000,37.1870000000,52,241
211248,56.0329270000,35.5161430000,159,292
2783,55.7335943010,37.4101551690,27,509
305263,55.6462230000,37.3859780000,15,414
137333,55.6592820000,37.2061440000,17,547
107015,55.7306370000,37.4310300000,28,581
306483,55.6823460000,37.2468650000,18,546
205035,55.6096430000,35.8198510000,105,451
308639,55.7234730000,36.8755340000,44,152
324379,55.5883890000,37.2266610000,2,0
111105,55.6849750000,37.5445300000,28,375
156932,55.6873250000,37.3967960000,21,1066
211188,55.7367300000,37.4183780000,28,718
50002565,55.6563030000,37.2770380000,13,259
204917,55.6419710000,37.3473080000,12,503
1416,55.6480786600,37.5407570850,27,300
158532,55.5038890000,36.0298810000,84,412
205118,55.6895350000,36.6893900000,56,359
206075,55.7949950000,37.4919430000,37,445
317199,55.5565596250,34.9945112710,156,173
171868,55.7448610000,37.4988560000,31,471
5444,55.3803090590,36.7301831520,44,772
204146,55.6242660000,37.3085810000,9,227
155421,55.6739760000,37.5258720000,26,481
310881,55.6903740000,37.5506570000,28,329
124496,55.6288880000,37.4858440000,22,522
204582,55.6546330000,37.4081610000,16,504
50002334,56.0456640000,35.4946560000,161,127
214786,55.3760669140,36.6930830250,46,279
208116,55.6797880000,37.2921760000,18,443
207438,55.6727170000,37.4778120000,22,258
107385,55.5544070000,34.9954630000,155,910
171413,55.6725380000,36.9569230000,32,434
123791,55.5853000000,37.1257160000,11,486
157674,55.3040885050,36.6470713930,55,495
310735,55.5338990000,37.0635940000,17,286
159279,55.7312540000,37.0579090000,30,392
208439,55.6629910000,37.5225180000,26,576
206005,55.7002170000,37.0223130000,28,328
151329,55.6649390000,37.2924740000,16,521
50002123,55.7010550000,37.3944760000,23,190
141915,55.6230820000,36.9832930000,27,201
104989,55.6442800000,37.3884640000,15,420
208725,55.7235310000,37.4171310000,26,419
308053,55.7774620000,37.4571580000,39,194
137977,55.6520640000,37.4248100000,18,343
212537,55.7609960000,36.8568910000,46,639
106644,55.5482960000,36.3721260000,63,1067
123795,55.5996740000,36.4854170000,57,663
161004,55.7457880000,37.5132700000,31,358
159192,55.6016220000,37.4118840000,18,741
164922,55.5321000000,35.6096240000,116,253
50001510,55.7575010000,37.5226920000,34,345
155017,55.6847820000,37.5245970000,25,480
309630,56.0634810000,35.9262900000,137,332
50006127,55.6143780000,37.4727640000,21,113
102348,55.6007050000,37.0325600000,19,1078
205639,55.7033110000,37.5737490000,30,478
210239,55.6410310000,37.5303550000,25,714
309141,55.6374990000,37.5124760000,24,201
212346,55.6172590000,37.4729060000,22,580
50003389,55.5509070000,36.6920230000,43,283
50006111,55.6951100000,37.4963790000,23,106
107423,55.7053200000,37.3193070000,21,492
206414,55.6493780000,37.3962360000,16,595
312681,55.6338870000,37.3321910000,11,464
5327,55.7894626710,37.4798814240,35,774
50003035,55.7131100000,37.3698190000,25,159
3496,55.7398940580,37.4267666600,28,562
207581,55.3751270000,36.7312950000,45,524
5038,55.7153050210,37.4391692960,25,542
130584,55.6945040000,37.4712730000,23,430
139211,55.6150520000,36.8461250000,35,863
311469,55.8145330000,37.0869640000,55,94
216848,55.8397140000,37.1646490000,58,389
2791,55.6266000000,37.3135000000,9,661
161778,55.8662140000,36.5974390000,89,432
124761,55.6646820000,37.4536650000,20,387
139385,55.6249720000,37.3065400000,8,655
143135,55.8639950000,37.0446820000,70,435
208099,55.5831590000,36.4939780000,54,402
106914,55.6837860000,37.5588220000,29,545
102193,55.7077330000,37.4699640000,26,909
309518,55.9882350000,35.9306350000,138,167
50005111,55.6884950000,37.5285660000,26,161
144326,55.7728870000,36.2681270000,92,398
113482,55.6412340000,37.3644020000,13,628
131804,55.5407300000,37.1555960000,12,841
169354,55.6900830000,37.4894070000,23,533
304643,55.7328740000,36.8461260000,44,77
5506,56.0298372750,35.9592033680,132,532
317837,55.7518120000,37.1232920000,39,323
127490,55.6703470000,37.5528010000,28,831
308968,55.7068328970,37.3231620100,21,218
389,55.6864564370,37.2913043660,19,727
203356,55.6623110000,37.2852520000,17,579
50002836,55.7055940000,37.3226370000,21,129
108416,55.7710210000,37.4861270000,34,625
151433,55.7298200000,37.2280210000,29,543
143344,55.6893540000,37.2981700000,19,587
143852,55.7987020000,37.4004230000,35,605
113249,55.6145010000,37.2549400000,8,539
145587,55.5959540000,37.1073190000,12,694
312907,55.5935730000,37.4605290000,21,108
313516,55.8142140000,37.2117850000,44,52
5630,55.5207784590,37.2168717170,17,752
208619,55.6435390000,37.5261060000,25,313
3532,55.6697106580,37.4723069380,21,686
209220,55.6357210000,37.2139950000,16,400
162969,55.9389780000,36.7125970000,92,260
107866,55.6259210000,37.3442010000,12,1258
216108,55.8079240000,37.0024970000,60,978
206361,55.6727520000,37.5550500000,28,633
159698,55.6687570000,37.4525170000,20,417
136777,55.5031950000,36.0371100000,83,415
210797,55.6983340000,37.1516150000,25,772
141667,55.6663790000,37.4706180000,21,452
160076,55.5043790000,36.0162270000,87,345
105867,55.8424090000,37.1248500000,59,957
113084,55.6377870000,37.5112250000,24,524
3257,55.6800304790,37.5472695740,28,548
317121,55.4283675270,36.8646784950,33,97
308773,55.7712860000,37.2359240000,45,472
208597,55.6542340000,37.1532060000,20,348
205271,55.6889010000,37.5690030000,29,407
3913,55.7409490320,37.4744543730,29,807
151819,55.7247420000,37.4671570000,27,421
320633,55.7705980000,37.3976110000,33,5
308045,55.7965284700,37.4928795460,37,261
159540,55.7079180000,37.4814690000,25,782
111547,55.6663040000,37.2852950000,17,285
110559,55.6543940000,37.3999200000,15,715
171985,55.5891460000,37.4475410000,21,526
206335,55.5564000000,34.9991540000,156,196
142378,55.7073630000,37.3231770000,22,296
216736,55.5961120000,37.0468860000,19,267
202983,55.5379860000,37.0726510000,15,489
131527,55.7739190000,37.2393940000,45,649
206641,55.6303630000,37.4825090000,22,373
311094,55.6864970000,37.0736330000,22,109
103840,55.8189330000,37.3977730000,37,887
106268,55.6936470000,37.5456300000,29,470
206869,55.7389800000,37.4373320000,28,388
210697,55.6212230000,37.3061760000,9,301
203897,55.7939910000,37.4932280000,37,141
309777,55.6403350000,37.3091990000,12,195
310918,55.6576770000,37.4250540000,17,369
207449,55.8825010000,37.0569400000,68,537
2845,55.6680709980,37.5237982550,26,867
141900,55.8256940000,37.1370370000,56,339
145102,55.6947960000,37.3220970000,21,934
204506,55.6276850000,36.8661730000,34,355
139218,55.5905950000,37.4523470000,21,455
123687,55.5522840000,36.6901110000,43,323
305547,55.9076920000,35.8452230000,149,214
50004473,55.6873420000,37.4639460000,21,197
169318,55.3021970000,36.0944810000,93,599
307776,55.7569610000,37.5117100000,33,638
163048,55.4304410000,36.8642460000,33,519
214312,55.7115800000,36.8905810000,39,422
129832,55.1681000000,34.3414510000,213,445
156924,56.0164950000,35.9369070000,133,459
204770,55.7334670000,37.4193320000,27,319
160760,55.5754150000,36.7031970000,40,286
164106,55.7619290000,37.4083380000,34,724
168244,55.3847040000,36.7208160000,44,348
103377,55.6332320000,37.5379270000,26,782
126797,55.5485130000,36.6170380000,46,593
161095,55.6986240000,37.3207150000,21,867
158985,55.7361080000,36.8570950000,43,413
125795,55.5481350000,34.9872560000,155,411
309464,55.6568690000,37.2308750000,15,147
138471,55.5105830000,37.2477270000,22,402
2824,55.5049190000,36.0279320000,84,264
141875,55.6681140000,37.4559270000,20,333
3659,55.7131210000,37.4542410000,25,877
316982,55.4292000000,36.8670840000,33,983
161102,55.7176230000,36.8264460000,47,437
